,UnRep,UScom,Intl,HireFLK,HireNCFL,HireNNC,HireVBM,RecFLK,RecNCFL,RecNNC,RecVBM,HireFLK_D,HireNCFL_D,HireNNC_D,HireVBM_D,RecFLK_D,RecNCFL_D,RecNNC_D,RecVBM_D
1986,2633326.946,216899.6,3667801.74,1495359.935,63481.03167,815524.5788,61658.23231,5240066.305,723332.4996,2549.585587,103945.1344,7829.951741,0,0,0,76878.84932,0,318.6981984,2061.984911
1987,2408974.085,258926.8,2757403.172,1853925.969,61244.15355,850661.9247,24967.82574,7120879.59,175166.5698,79540.36473,52139.77175,14697.95925,1067.227372,164.2579806,0,148423.4347,0,0,0
1988,2771552.284,293450.2,3083613.574,798784.1369,62328.05526,1114627.048,94676.21652,6770695.333,321023.1203,202768.9505,33566.16316,9128.455194,0,0,0,11408.46345,1175.960745,14454.45295,0
1989,2728854.698,617685.6,3203652.066,3138919.51,405020.8222,1969691.994,451477.4524,17642560.62,871339.7017,338433.961,996945.39,19469.93542,5445.199003,5393.275004,1254.104034,345104.9073,6943.735438,0,17525.16387
1990,2712313.441,670784.4,4123878.254,1163010.286,277771.1277,1750789.543,31079.24932,20101985.64,520945.0588,119477.5663,509424.9807,22886.5921,800.0734481,33999.16636,0,344286.5696,1890.278658,0,11997.74546
1991,2643631.426,992333.2,4706667.989,4247101.711,219885.3542,1706920.502,159172.2482,22971135.81,457667.1299,277389.6461,464786.7332,74237.72155,0,64840.93512,154.9604182,1347962.904,1378.409999,1643.529424,12752.27647
1992,3111330.983,558814.2,4536905.598,2445180.6,194879.273,1619776.296,161150.4397,16078425.91,245395.7521,89160.85958,509297.2607,63774.19387,0,4202.547482,893.2997092,495076.3043,6977.87466,4083.647598,3343.536813
1993,3218663.288,803731.2,4404550.637,1459668.441,391802.4304,1555738.693,741954.8633,9876289.248,733727.8656,296399.1993,871948.6006,34024.37238,543.9497236,3838.640555,3767.519247,308988.3809,23614.12275,14926.38329,8732.728848
1994,3098621.483,1004619.732,4983825.657,1122352.695,437640.3307,1709254.675,573552.3859,9648485.012,1526105.252,264006.0687,594467.4139,6981.447185,10121.09252,4814.11348,15932.01072,228321.4995,31269.40422,3396.998777,15978.75584
1995,3064756.732,2137900.762,5388214.109,2841924.893,667451.8995,1677722.375,145757.67,15208257.3,1713632.952,272343.1975,609302.6188,29435.04006,616.317131,4755.446351,1956.365103,526527.8295,25107.41751,14331.03906,0
1996,3352925.709,1207074.08,6429490.861,2913300.039,309100.4727,923564.7061,142017.5093,10571148.44,1150291.691,196579.5366,486106.1865,16117.47604,10201.47998,297.9837578,250.5501777,306114.3176,40637.86553,8703.742805,22730.24168
1997,3871440.172,1627825.912,9351918.766,3266932.696,465236.9365,2127797.384,110115.7298,22625646.55,1316502.733,660257.8429,197871.9629,95787.13276,8948.609643,297.8353253,0,820596.2605,81024.22603,5789.374699,5493.151662
1998,3897417.704,848268.82,7516852.752,1516864.914,252035.5342,1922781.33,779364.855,12499422.17,502135.7811,412304.2915,606769.2985,15836.31991,11139.09213,2082.79657,4461.439474,293469.7535,3922.93579,24450.02715,13103.63668
1999,3584862.575,1074088.908,7527691.849,1221646.52,457554.9122,2015290.04,288544.4856,13927672.99,1642482.633,1314805.374,523623.6878,34785.57463,8231.805119,2969.414465,12022.6869,378168.6534,35039.85264,604.8688763,0
2000,3429851.22,1013712.884,6333420.691,1490803.455,368070.191,3139735.47,3087.356247,13235697.13,2783936.582,826980.337,1608478.92,13942.63343,4153.35811,7404.401972,0,557692.5352,24736.17857,6148.315551,44679.97
2001,3510441.331,789043.584,7042486.631,2331670.466,1093491.433,1638156.937,34334.12753,11759203.18,3598047.582,1760721.144,372623.2727,31163.62842,3320.86138,139.6855013,0,304538.5111,149535.8839,2040.00661,29553.36209
2002,3592000.684,734409.494,7695360.035,1865262.986,1994361.959,3004665.037,168355.575,7405449.666,2364331.017,871930.66,1732356.036,12972.64907,19666.91789,644.3051096,0,143528.3056,146762.0476,43596.533,34344.20885
2003,3505500.972,750842.848,7168680.032,1310958.825,955924.4952,923916.2648,55752.64393,10883965.45,1972171.736,868200.2542,904780.5576,20852.59336,19882.61913,42.37278255,327.2571667,459783.2842,38745.68177,0,2695.264553
2004,3670378.174,949390.124,8024968.754,1544122.802,772054.767,1122534.852,155431.1443,6425217.86,1376755.879,591121.4443,186538.5665,36307.56456,4936.518564,284.6475346,92.40888536,244323.1779,50261.84138,0,2198.868409
2005,3783926.704,534989.904,9639435.34,874828.1189,736634.7469,3152831.359,38100.20568,4508244.669,1919254.617,906496.4817,489236.451,24049.72382,4686.398186,601.0455664,268.4644683,279471.5602,19446.75438,19218.17312,41395.35391
2006,3739244.397,687396.456,8421529.073,699196.3814,484559.4084,2630675.971,136714.022,8560990.141,1712077.252,743598.871,1214497.04,35929.533,10018.28836,2645.613948,0,608074.8853,69404.13054,41821.22913,12180.56689
2007,3045018.543,1063753.9,8282851.511,716786.1189,505534.33,2544237.678,84894.9727,8370281.712,2428545.123,1405558.877,236769.1226,31398.30446,3871.192992,433.0365203,232.6574246,551062.8235,37987.32581,75932.74664,16973.34631
2008,2825859.102,874385.292,8555416.662,724271.5377,1224082.051,1597066.381,113607.6587,7751396.674,1633888.639,307579.44,96818.46128,37090.08929,14540.95247,842.565838,1597.698813,515322.9155,58014.57823,362.9866996,5682.425743
2009,2698211.789,1389009.956,9436336.289,1022243.472,469510.1613,949938.5497,106262.9152,6733342.488,3795355.134,2359177.817,1607919.004,41579.65161,8505.453351,0,892.7615357,342862.8929,165359.7387,1375.892703,79194.81891
2010,2796251.309,748426.404,9413912.325,557519.1275,535718.1376,1386627.659,120050.4104,4105154.785,3163745.641,1110479.73,717410.858,17555.11334,12671.84756,517.6763226,68.91564126,355894.0531,121654.25,2436.989312,30097.2128
2011,2753290.283,797649.376,9947004.18,741543.0185,275439.0103,1576663.336,17844.72897,5901738.786,1651096.449,2063315.642,2626410.052,37987.69469,8371.883813,1497.019468,0,432754.0376,49155.19419,15817.24166,184130.485
2012,2685377.84,924382.842,9112923.457,869451.458,615870.9824,1236372.102,21887.31776,5873633.691,2867599.086,1059484.037,1041694.282,24504.17463,6612.58627,604.7875489,38.54532098,267631.2816,200332.9639,1545.471866,0
2013,2763205.237,803435.078,11800914.44,616503.3562,394404.9313,640715.7286,16064.27009,10152548.77,2064256.6,563799.9865,364492.2862,35826.59563,7631.983046,0,0,698237.5346,110848.0795,20590.10991,0
2014,2816498.127,1375810.86,11730226.81,902862.6522,209397.9799,916956.1423,56738.44019,9997805.202,1269802.57,1289704.416,2040329.55,44740.56197,5827.788056,470.6721007,295.5127093,872466.9155,15185.34919,26220.53171,3987.820124
2015,2794661.979,1190441.574,12429787.87,1687811.348,196037.5926,1365211.552,277877.4059,12024592.19,1551103.181,3505194.743,4645796.249,59359.47541,4849.728383,6792.75907,1769.134551,968114.5513,25246.71383,53147.98732,177601.2441
2016,2778492.894,1004346.302,12690293.77,896998.0303,454945.8045,1245564.176,195851.2444,5202491.961,4364799.118,1704661.669,2186126.672,32805.33813,7742.568768,318.4828139,498.3317624,199905.4569,66003.47712,2643.554267,52190.34113
2017,2762926.313,685654.942,13195572.78,1225461.113,162188.4911,833177.3004,31178.5533,5432536.483,2303094.599,801324.1512,1826822.849,71663.95996,3827.966147,1676.894,778.7165069,279816.0815,39576.32295,9823.804068,57919.40628
2018,2732350.575,542883.866,12388490.17,405276.765,103826.7752,1467833.588,72214.42638,7793456.067,2608238.667,1347724.203,2871124.41,23072.4464,4520.169606,2831.870895,74.29467734,436503.4967,111947.2305,97243.99049,29354.40037
2019,2743182.357,729162.77,11756820.28,1245865.898,252349.4129,995754.676,93641.92147,4294202.373,2128053.369,1687239.863,1440420.94,52541.63641,10951.62099,503.6643306,721.377959,371574.8274,125358.2087,42492.61192,99839.75684
2020,2743182.357,318501.344,11756820.28,922190.8647,225285.4332,669838.2587,51692.69122,2840203.567,2043599.081,1089245.171,689099.4705,37628.34446,8966.635304,199.9455113,1503.648581,163076.4371,74391.24053,63799.8083,26122.91438
2021,2743182.357,245533.02,11756820.28,1244033.197,144735.1804,871650.6117,101003.0341,3682159.807,1398507.713,596672.48,1082278.943,56806.94231,6042.906091,763.5546022,242.2121491,440712.6452,31594.98345,9406.179578,40521.70344
2022,2743182.357,229638.168,11756820.28,632177.7702,92908.65278,426925.6564,18518.1835,3874667.005,2745184.889,211394.5371,1207268.192,34916.66018,3843.501282,514.3655981,76.05070337,435364.7743,7301.284796,0,46512.73216
