"","Year","Quarter","Fleet","Area","Catch_lbs"
"1","1986","1","Intl","CAR",1983610.33581775
"2","1986","2","Intl","CAR",1363432.27471806
"3","1986","3","Intl","CAR",216194.716846987
"4","1986","4","Intl","CAR",104564.412642111
"5","1987","1","Intl","CAR",1491251.11421614
"6","1987","2","Intl","CAR",1025009.7320618
"7","1987","3","Intl","CAR",162532.230531458
"8","1987","4","Intl","CAR",78610.0949588071
"9","1988","1","Intl","CAR",1667671.3164927
"10","1988","2","Intl","CAR",1146271.95446143
"11","1988","3","Intl","CAR",181760.359659725
"12","1988","4","Intl","CAR",87909.9430671533
"13","1989","1","Intl","CAR",1732590.19989526
"14","1989","2","Intl","CAR",1190893.87403477
"15","1989","3","Intl","CAR",188835.902351658
"16","1989","4","Intl","CAR",91332.0894382407
"17","1990","1","Intl","CAR",2230264.36747882
"18","1990","2","Intl","CAR",1532969.6386769
"19","1990","3","Intl","CAR",243077.667379784
"20","1990","4","Intl","CAR",117566.580195254
"21","1991","1","Intl","CAR",2545447.09139445
"22","1991","2","Intl","CAR",1749610.12015683
"23","1991","3","Intl","CAR",277429.595539057
"24","1991","4","Intl","CAR",134181.182270108
"25","1992","1","Intl","CAR",2453636.66685468
"26","1992","2","Intl","CAR",1686504.33082271
"27","1992","3","Intl","CAR",267423.12986454
"28","1992","4","Intl","CAR",129341.470083154
"29","1993","1","Intl","CAR",2382056.82513635
"30","1993","2","Intl","CAR",1637304.00923952
"31","1993","3","Intl","CAR",259621.605879303
"32","1993","4","Intl","CAR",125568.196688102
"33","1994","1","Intl","CAR",2695338.73036375
"34","1994","2","Intl","CAR",1852637.96518814
"35","1994","3","Intl","CAR",293766.362826237
"36","1994","4","Intl","CAR",142082.598644976
"37","1995","1","Intl","CAR",2914038.96822868
"38","1995","2","Intl","CAR",2002961.3212472
"39","1995","3","Intl","CAR",317602.61490953
"40","1995","4","Intl","CAR",153611.204593487
"41","1996","1","Intl","CAR",3477179.36504659
"42","1996","2","Intl","CAR",2390035.22298836
"43","1996","3","Intl","CAR",378979.578134999
"44","1996","4","Intl","CAR",183296.694613902
"45","1997","1","Intl","CAR",5117965.49385148
"46","1997","2","Intl","CAR",2628773.18547826
"47","1997","3","Intl","CAR",1308570.72285975
"48","1997","4","Intl","CAR",296609.363848211
"49","1998","1","Intl","CAR",4006560.8752702
"50","1998","2","Intl","CAR",2917460.17112721
"51","1998","3","Intl","CAR",350633.438906499
"52","1998","4","Intl","CAR",242198.267055054
"53","1999","1","Intl","CAR",2610725.42508879
"54","1999","2","Intl","CAR",4406265.15622128
"55","1999","3","Intl","CAR",87912.1826815612
"56","1999","4","Intl","CAR",379620.788852196
"57","2000","1","Intl","CAR",3716765.0845341
"58","2000","2","Intl","CAR",2258349.38863424
"59","2000","3","Intl","CAR",224371.645523056
"60","2000","4","Intl","CAR",103649.944942716
"61","2001","1","Intl","CAR",5268563.44556708
"62","2001","2","Intl","CAR",1028012.37962285
"63","2001","3","Intl","CAR",466663.514434055
"64","2001","4","Intl","CAR",114975.068773608
"65","2002","1","Intl","CAR",4950968.88182992
"66","2002","2","Intl","CAR",2436024.00880686
"67","2002","3","Intl","CAR",157841.72843241
"68","2002","4","Intl","CAR",128377.939125027
"69","2003","1","Intl","CAR",5793197.76592665
"70","2003","2","Intl","CAR",523542.377177938
"71","2003","3","Intl","CAR",191294.330122708
"72","2003","4","Intl","CAR",523542.377177938
"73","2004","1","Intl","CAR",3873854.41417747
"74","2004","2","Intl","CAR",3981096.71151911
"75","2004","3","Intl","CAR",103959.369871994
"76","2004","4","Intl","CAR",0
"77","2005","1","Intl","CAR",5025475.42907929
"78","2005","2","Intl","CAR",3620975.74584316
"79","2005","3","Intl","CAR",438906.151011292
"80","2005","4","Intl","CAR",438906.151011292
"81","2006","1","Intl","CAR",1154659.86783401
"82","2006","2","Intl","CAR",5604911.4417776
"83","2006","3","Intl","CAR",1491435.66261893
"84","2006","4","Intl","CAR",0
"85","2007","1","Intl","CAR",2021760.66585901
"86","2007","2","Intl","CAR",1946880.64119756
"87","2007","3","Intl","CAR",898560.295937337
"88","2007","4","Intl","CAR",3070081.01111923
"89","2008","1","Intl","CAR",3289151.67117335
"90","2008","2","Intl","CAR",2983399.54399386
"91","2008","3","Intl","CAR",1542658.45986018
"92","2008","4","Intl","CAR",370608.639005448
"93","2009","1","Intl","CAR",7006586.52389049
"94","2009","2","Intl","CAR",60985.7627804782
"95","2009","3","Intl","CAR",1585629.83229243
"96","2009","4","Intl","CAR",101642.937967464
"97","2010","1","Intl","CAR",1118948.6934337
"98","2010","2","Intl","CAR",4553634.68284324
"99","2010","3","Intl","CAR",2837913.35291156
"100","2010","4","Intl","CAR",622719.272867451
"101","2011","1","Intl","CAR",127378.801074042
"102","2011","2","Intl","CAR",2685145.12664081
"103","2011","3","Intl","CAR",5650523.61564451
"104","2011","4","Intl","CAR",1146409.20966638
"105","2012","1","Intl","CAR",880696.803296842
"106","2012","2","Intl","CAR",2880396.60372379
"107","2012","3","Intl","CAR",4012351.02443179
"108","2012","4","Intl","CAR",178729.645374947
"109","2013","1","Intl","CAR",750312.865760723
"110","2013","2","Intl","CAR",3155727.64128774
"111","2013","3","Intl","CAR",2449550.82645412
"112","2013","4","Intl","CAR",2864429.70516888
"113","2014","1","Intl","CAR",5605940.45872511
"114","2014","2","Intl","CAR",3692098.46025803
"115","2014","3","Intl","CAR",625779.400043734
"116","2014","4","Intl","CAR",0
"117","2015","1","Intl","CAR",8549747.26766574
"118","2015","2","Intl","CAR",3000124.99088556
"119","2015","3","Intl","CAR",40597.0905397234
"120","2015","4","Intl","CAR",0
"121","2016","1","Intl","CAR",0
"122","2016","2","Intl","CAR",4544821.78125587
"123","2016","3","Intl","CAR",3454064.55375446
"124","2016","4","Intl","CAR",3226823.46469167
"125","2017","1","Intl","CAR",5406331.2490669
"126","2017","2","Intl","CAR",2624048.58186418
"127","2017","3","Intl","CAR",2736131.05897898
"128","2017","4","Intl","CAR",936218.338253048
"129","2018","1","Intl","CAR",1418728.59723939
"130","2018","2","Intl","CAR",321111.410897804
"131","2018","3","Intl","CAR",6042732.91416777
"132","2018","4","Intl","CAR",3678185.25210212
"133","2019","1","Intl","CAR",3676441.96479188
"134","2019","2","Intl","CAR",4191143.83986274
"135","2019","3","Intl","CAR",2263054.27610522
"136","2019","4","Intl","CAR",935450.233263712
"137","2020","1","Intl","CAR",4202312.7774773
"138","2020","2","Intl","CAR",5346275.70023501
"139","2020","3","Intl","CAR",350192.731456442
"140","2020","4","Intl","CAR",1167309.10485481
"141","2021","1","Intl","CAR",820451.542269378
"142","2021","2","Intl","CAR",5583072.69007699
"143","2021","3","Intl","CAR",2891591.41116891
"144","2021","4","Intl","CAR",1770974.67050829
"145","2022","1","Intl","CAR",851850.117698217
"146","2022","2","Intl","CAR",4115948.69953251
"147","2022","3","Intl","CAR",4147793.56374552
"148","2022","4","Intl","CAR",1950497.93304732
"149","1986","1","UnRep","CAR",1424148.55482967
"150","1986","2","UnRep","CAR",978886.86532145
"151","1986","3","UnRep","CAR",155218.687864175
"152","1986","4","UnRep","CAR",75072.8378764397
"153","1987","1","UnRep","CAR",1302814.66458876
"154","1987","2","UnRep","CAR",895488.155915474
"155","1987","3","UnRep","CAR",141994.44438706
"156","1987","4","UnRep","CAR",68676.8201014099
"157","1988","1","UnRep","CAR",1498903.19794663
"158","1988","2","UnRep","CAR",1030269.38298144
"159","1988","3","UnRep","CAR",163366.235096534
"160","1988","4","UnRep","CAR",79013.4683564544
"161","1989","1","UnRep","CAR",1475811.60810342
"162","1989","2","UnRep","CAR",1014397.40535645
"163","1989","3","UnRep","CAR",160849.470771628
"164","1989","4","UnRep","CAR",77796.2138960752
"165","1990","1","UnRep","CAR",1466865.81168323
"166","1990","2","UnRep","CAR",1008248.52251283
"167","1990","3","UnRep","CAR",159874.463791118
"168","1990","4","UnRep","CAR",77324.6434815628
"169","1991","1","UnRep","CAR",1429721.3950584
"170","1991","2","UnRep","CAR",982717.350620146
"171","1991","3","UnRep","CAR",155826.074604165
"172","1991","4","UnRep","CAR",75366.6056365399
"173","1992","1","UnRep","CAR",1682661.36889115
"174","1992","2","UnRep","CAR",1156575.34967506
"175","1992","3","UnRep","CAR",183394.133226684
"176","1992","4","UnRep","CAR",88700.1315412786
"177","1993","1","UnRep","CAR",1740708.52720745
"178","1993","2","UnRep","CAR",1196473.99694213
"179","1993","3","UnRep","CAR",189720.723045944
"180","1993","4","UnRep","CAR",91760.0404887611
"181","1994","1","UnRep","CAR",1675787.85227312
"182","1994","2","UnRep","CAR",1151850.84596149
"183","1994","3","UnRep","CAR",182644.985094036
"184","1994","4","UnRep","CAR",88337.7996785266
"185","1995","1","UnRep","CAR",1657473.21183682
"186","1995","2","UnRep","CAR",1139262.2989975
"187","1995","3","UnRep","CAR",180648.862956646
"188","1995","4","UnRep","CAR",87372.3582380415
"189","1996","1","UnRep","CAR",1813319.95647182
"190","1996","2","UnRep","CAR",1246383.37903438
"191","1996","3","UnRep","CAR",197634.680291581
"192","1996","4","UnRep","CAR",95587.6931859843
"193","1997","1","UnRep","CAR",2118698.60171897
"194","1997","2","UnRep","CAR",1088240.64542838
"195","1997","3","UnRep","CAR",541712.710666783
"196","1997","4","UnRep","CAR",122788.214417804
"197","1998","1","UnRep","CAR",2077364.26426041
"198","1998","2","UnRep","CAR",1512675.75623546
"199","1998","3","UnRep","CAR",181800.151929546
"200","1998","4","UnRep","CAR",125577.531581131
"201","1999","1","UnRep","CAR",1250459.27172246
"202","1999","2","UnRep","CAR",2110469.01574383
"203","1999","3","UnRep","CAR",42107.3020069809
"204","1999","4","UnRep","CAR",181826.985939236
"205","2000","1","UnRep","CAR",2022477.56224847
"206","2000","2","UnRep","CAR",1228880.72351843
"207","2000","3","UnRep","CAR",122091.821343084
"208","2000","4","UnRep","CAR",56401.1131204462
"209","2001","1","UnRep","CAR",2688922.12065648
"210","2001","2","UnRep","CAR",524667.730859801
"211","2001","3","UnRep","CAR",238171.535719252
"212","2001","4","UnRep","CAR",58679.9435830041
"213","2002","1","UnRep","CAR",2317658.14810219
"214","2002","2","UnRep","CAR",1140356.77212679
"215","2002","3","UnRep","CAR",73889.2076972005
"216","2002","4","UnRep","CAR",60096.555593723
"217","2003","1","UnRep","CAR",2888123.223265
"218","2003","2","UnRep","CAR",261005.226989538
"219","2003","3","UnRep","CAR",95367.2944769464
"220","2003","4","UnRep","CAR",261005.226989538
"221","2004","1","UnRep","CAR",1786489.58302408
"222","2004","2","UnRep","CAR",1835946.07430553
"223","2004","3","UnRep","CAR",47942.5170585557
"224","2004","4","UnRep","CAR",0
"225","2005","1","UnRep","CAR",1996588.05373752
"226","2005","2","UnRep","CAR",1438589.64570608
"227","2005","3","UnRep","CAR",174374.502509827
"228","2005","4","UnRep","CAR",174374.502509827
"229","2006","1","UnRep","CAR",523276.183812657
"230","2006","2","UnRep","CAR",2540069.80892394
"231","2006","3","UnRep","CAR",675898.404091348
"232","2006","4","UnRep","CAR",0
"233","2007","1","UnRep","CAR",775617.930872338
"234","2007","2","UnRep","CAR",746891.34084003
"235","2007","3","UnRep","CAR",344719.080387706
"236","2007","4","UnRep","CAR",1177790.19132466
"237","2008","1","UnRep","CAR",1135461.21253784
"238","2008","2","UnRep","CAR",1029911.29700615
"239","2008","3","UnRep","CAR",532547.301091689
"240","2008","4","UnRep","CAR",127939.291553559
"241","2009","1","UnRep","CAR",2159404.79100388
"242","2009","2","UnRep","CAR",18795.5929584477
"243","2009","3","UnRep","CAR",488685.416919641
"244","2009","4","UnRep","CAR",31325.9882640795
"245","2010","1","UnRep","CAR",342580.504869317
"246","2010","2","UnRep","CAR",1394153.70677252
"247","2010","3","UnRep","CAR",868863.599306238
"248","2010","4","UnRep","CAR",190653.498362054
"249","2011","1","UnRep","CAR",36496.4247426313
"250","2011","2","UnRep","CAR",769344.633574668
"251","2011","3","UnRep","CAR",1618981.40158313
"252","2011","4","UnRep","CAR",328467.822683682
"253","2012","1","UnRep","CAR",297403.408938956
"254","2012","2","UnRep","CAR",972684.090412115
"255","2012","3","UnRep","CAR",1354934.94248954
"256","2012","4","UnRep","CAR",60355.3976964352
"257","2013","1","UnRep","CAR",224865.912020451
"258","2013","2","UnRep","CAR",945759.57114484
"259","2013","3","UnRep","CAR",734121.065713827
"260","2013","4","UnRep","CAR",858458.687654547
"261","2014","1","UnRep","CAR",1591032.83589643
"262","2014","2","UnRep","CAR",1047861.62587411
"263","2014","3","UnRep","CAR",177603.665402392
"264","2014","4","UnRep","CAR",0
"265","2015","1","UnRep","CAR",2061491.46350383
"266","2015","2","UnRep","CAR",723381.857326366
"267","2015","3","UnRep","CAR",9788.65842119575
"268","2015","4","UnRep","CAR",0
"269","2016","1","UnRep","CAR",0
"270","2016","2","UnRep","CAR",1124895.90836822
"271","2016","3","UnRep","CAR",854920.890359847
"272","2016","4","UnRep","CAR",798676.094941436
"273","2017","1","UnRep","CAR",1276394.1278328
"274","2017","2","UnRep","CAR",619518.125460313
"275","2017","3","UnRep","CAR",645979.954939773
"276","2017","4","UnRep","CAR",221034.10506373
"277","2018","1","UnRep","CAR",338237.997862412
"278","2018","2","UnRep","CAR",76555.9254421098
"279","2018","3","UnRep","CAR",1440643.32422879
"280","2018","4","UnRep","CAR",876913.32779144
"281","2019","1","UnRep","CAR",911356.264707627
"282","2019","2","UnRep","CAR",1038946.14176669
"283","2019","3","UnRep","CAR",560990.411831139
"284","2019","4","UnRep","CAR",231889.538464496
"285","2020","1","UnRep","CAR",1041714.81902657
"286","2020","2","UnRep","CAR",1325292.7419838
"287","2020","3","UnRep","CAR",86809.5682522138
"288","2020","4","UnRep","CAR",289365.227507379
"289","2021","1","UnRep","CAR",203382.417048044
"290","2021","2","UnRep","CAR",1383992.54527815
"291","2021","3","UnRep","CAR",716799.006425423
"292","2021","4","UnRep","CAR",439008.388018339
"293","2022","1","UnRep","CAR",211165.83609668
"294","2022","2","UnRep","CAR",1020305.95571947
"295","2022","3","UnRep","CAR",1028200.00566701
"296","2022","4","UnRep","CAR",483510.559286791
