"Year","Season","NED","NNCVBM","NCFL","NCA","CARFLK","ALL"
"1986","winter",0.282736149016531,0.0995378874674187,1.96240872854326,2.69058903051925,2.20140372699446,0.859311919681034
"1986","spring",6.31952601975896,5.10620559779796,11.262604840256,2.62955266335015,2.38732769976973,4.7978377083559
"1986","summer",1.75994053034029,2.83733777547788,5.37295027516702,1.56713061521983,2.52446589701792,2.58880874209319
"1986","fall",0.485081919821359,1.32860013530267,1.61670160565305,2.52263619610127,1.15897484645556,1.27875802933319
"1987","winter",0.188644691090327,0.0656619681858706,1.34360641757112,1.87469226610928,1.50569073005039,0.578765697322432
"1987","spring",4.45268932282895,3.56413386705536,8.09511971401632,1.82194817070753,1.63858700939116,3.35690858672446
"1987","summer",1.19492019670452,1.97090777555522,3.77509624071255,1.06307604293266,1.73473291428143,1.77990716439052
"1987","fall",0.323159347934115,0.905704944394335,1.10221362060679,1.74693594568717,0.783144252323042,0.867159880436138
"1988","winter",0.177825693664288,0.0621374595760207,1.25526572980377,1.74069864281987,1.40719831986139,0.543806008389465
"1988","spring",4.11807613476946,3.30730549497241,7.43358732367217,1.69506390899774,1.5295276493375,3.11237765299153
"1988","summer",1.11962132843945,1.83201241399403,3.49489977216279,0.996389608528745,1.61861462566038,1.66045131790054
"1988","fall",0.304785134063614,0.847441408814883,1.03127283464344,1.62558103047732,0.735009848622252,0.812859589640924
"1989","winter",0.453804044225694,0.16954335084844,2.79069357097845,3.55740585321514,3.14465348454842,1.31697449855653
"1989","spring",8.00144999985497,6.70380328911273,13.273985514364,3.55606191721264,3.3587944026613,6.24017812431208
"1989","summer",2.59806471520606,3.79769526481513,6.87600371605746,2.32274898596056,3.53405961046926,3.61580337222758
"1989","fall",0.784612934874809,1.92596225354779,2.34255390772038,3.41894519177019,1.74906870703569,1.89830421090441
"1990","winter",0.452203999677405,0.171699516917926,2.70020805727943,3.38840311608736,3.04578122757157,1.29699199320173
"1990","spring",7.55528525203063,6.37607912213814,12.3663423161997,3.40314752297586,3.24210404002246,5.9238121099162
"1990","summer",2.53558624604779,3.62650309550332,6.50627836037842,2.26904747878416,3.40750720199614,3.48455257933446
"1990","fall",0.783437516775627,1.87168547060756,2.27630258166943,3.27344679151752,1.71604077675364,1.85510561139102
"1991","winter",0.562049208592632,0.207218537510071,3.54444324063156,4.58200655266485,3.99044771321685,1.64732220594919
"1991","spring",10.3882244327309,8.64597553396131,17.4510823094397,4.56083262522732,4.27500576882379,8.06200249935568
"1991","summer",3.27508451390083,4.88026340001379,8.90981560933289,2.92562122041181,4.50248095646516,4.60869692683307
"1991","fall",0.970126007081984,2.43680450963426,2.96415888680646,4.38314739566053,2.19485998066141,2.39024404696259
"1992","winter",0.494712207043046,0.181707985732502,3.14270421123685,4.07967728234099,3.53722611408698,1.45409611794321
"1992","spring",9.27160458722585,7.70115530344448,15.6352873753984,4.05564500599851,3.79283192999797,7.18475666635005
"1992","summer",2.89746731447448,4.34223385680644,7.94743996752988,2.58767550222724,3.99580866473552,4.09061782091691
"1992","fall",0.85348705716764,2.15817213865308,2.62529630535577,3.8971557928086,1.9392214091659,2.11394280356251
"1993","winter",0.450859206832796,0.16257887345488,2.9722154053724,3.94385695912698,3.34078374915725,1.34417877966874
"1993","spring",9.07900436603381,7.46045410046124,15.6355451293927,3.89422688494638,3.59872241632766,6.97965931637573
"1993","summer",2.70932632204562,4.18231602383436,7.75777017359066,2.41668554814156,3.79703359797552,3.88982952844429
"1993","fall",0.775977513087806,2.02924358865256,2.4687967527596,3.73958962557072,1.801120154189,1.97331259871542
"1994","winter",0.414054305134967,0.14837892190261,2.76536146904717,3.69892136699671,3.1067557180497,1.24054004588721
"1994","spring",8.55629479981184,7.00259693528069,14.8545577495152,3.64326411136896,3.35218930521956,6.55813923135302
"1994","summer",2.51054705273016,3.91724904182312,7.30241197810949,2.23840359550484,3.53884858259092,3.62624944871242
"1994","fall",0.712050639973686,1.88407446980077,2.2922938295895,3.49774775174306,1.66500497617602,1.82742929869938
"1995","winter",0.674367081142759,0.249692856347779,4.21795540396205,5.42745779585607,4.75010235407154,1.97017868143558
"1995","spring",12.272481956833,10.2368206557479,20.529840978478,5.41000877199999,5.08379954728148,9.53988962487739
"1995","summer",3.90704235434239,5.78516559078353,10.5327130618613,3.49108581291519,5.35258439580779,5.47804176019681
"1995","fall",1.16462844082605,2.90349728432357,3.53174563867829,5.19995808392648,2.62227112232622,2.85253051512929
"1996","winter",0.325537936345409,0.116020306330495,2.19969592152186,2.96393487169937,2.47015867111557,0.979614614661296
"1996","spring",6.88678483689826,5.61520999413299,12.0467223834383,2.91264601706758,2.66932258895195,5.26387244900557
"1996","summer",1.98968718026062,3.13496285885255,5.87105338229612,1.77331128769893,2.81935901248346,2.88965373202154
"1996","fall",0.559424686862216,1.49584679352403,1.82002924790604,2.79569272728071,1.31674984231355,1.44750819741357
"1997","winter",0.456836508722502,0.164253295148059,3.02996973965151,4.03547380531704,3.40492380100973,1.36513666701164
"1997","spring",9.31063754358319,7.63652803903982,16.0940827426158,3.98008438583894,3.67064768430153,7.1478303860872
"1997","summer",2.75675472908614,4.2767829166077,7.9513127082314,2.4584930671687,3.87390572312064,3.96904534321252
"1997","fall",0.785964552907263,2.06666445463181,2.51438008747605,3.82161002369242,1.83061650395808,2.00729153899787
"1998","winter",0.445502703720594,0.162532662553117,2.86809783831095,3.75214029048856,3.22658289925155,1.31622652417024
"1998","spring",8.56564707395386,7.08809538178452,14.5500100343073,3.72118886408235,3.46540886119812,6.61927153613158
"1998","summer",2.63358339486129,3.98848029881977,7.33422431958372,2.35097191318271,3.6528178419017,3.74041079503694
"1998","fall",0.767921594783647,1.9655095521347,2.39104881093631,3.5749425162563,1.75834640275014,1.92024373857827
"1999","winter",0.42809420984741,0.157166195337369,2.72198014889396,3.53536417966528,3.06358556356822,1.25873133940014
"1999","spring",8.03700445599422,6.67399324736266,13.5598690673042,3.51397653684808,3.28532935508627,6.22687932730468
"1999","summer",2.50888325139082,3.76256447743851,6.88865639035966,2.24057116198416,3.46127192764988,3.54345710447251
"1999","fall",0.738512336045614,1.86898764072293,2.27352692865417,3.37660236070371,1.67887262998313,1.8303624325768
"2000","winter",0.247675468294019,0.0873480646465889,1.7123546789874,2.34169382948946,1.92119103333472,0.751671438376047
"2000","spring",5.49113930733182,4.44291715554251,9.75851587355459,2.29044852267748,2.08236237746184,4.17315300712654
"2000","summer",1.53761528138933,2.47051809798185,4.67054339646109,1.36934340308226,2.20160131514999,2.25753437064476
"2000","fall",0.425028864774491,1.16006144333019,1.41159483346965,2.19749236923375,1.01329656257096,1.1174237647215
"2001","winter",0.349320562687422,0.125909846824461,2.30489836267258,3.06005629719895,2.59062964826134,1.04180766970434
"2001","spring",7.04673563567718,5.78890657785798,12.1422132419524,3.02103644115473,2.79096593087306,5.4162177885223
"2001","summer",2.10044911152745,3.24477916169068,6.02076543228315,1.87351880614638,2.94487457361219,3.01689639138322
"2001","fall",0.601184589119064,1.573416398722,1.91423947367919,2.90102545139136,1.39611955182779,1.52977922712959
"2002","winter",0.574292536124263,0.216989796830596,3.45946396359542,4.36124122886587,3.90103716266694,1.65298444602501
"2002","spring",9.74913461841231,8.21017406013653,16.0193080842722,4.37417642575783,4.15667225657676,7.63205232115468
"2002","summer",3.2402715141446,4.66422806490325,8.39039297124797,2.89883779284249,4.37015883877248,4.46963900853509
"2002","fall",0.994344436973998,2.39487369245683,2.91268133741179,4.20689535967677,2.18951760664682,2.36974138272345
"2003","winter",0.431135897440445,0.157952510550357,2.75260065721436,3.58361761295115,3.09758840367449,1.2696938580565
"2003","spring",8.15787642738882,6.76660934473111,13.7942062979111,3.5593535816891,3.3234612354028,6.31517420358077
"2003","summer",2.53394776950079,3.8124193695997,6.98991138190292,2.26264933734393,3.5020203550498,3.58544390765789
"2003","fall",0.743559657689811,1.88880900390281,2.29767277120016,3.41996344258451,1.69438260044848,1.84830098099183
"2004","winter",0.58854856168211,0.219126287689001,3.64278475609171,4.6601022897292,4.10388927600435,1.71238267426419
"2004","spring",10.5026037752146,8.78469870846621,17.477811403367,4.65334653590826,4.38670106006906,8.18072794247192
"2004","summer",3.38484362003307,4.97199103412386,9.02098512222347,3.02551710843013,4.61674998672645,4.72407596120603
"2004","fall",1.01713633457641,2.51157048170883,3.05490096935575,4.47344930074259,2.27609244346899,2.47244962759988
"2005","winter",0.356591983236973,0.127255301553965,2.40274953155603,3.23176629582748,2.69846961412042,1.07193237813567
"2005","spring",7.50091534771715,6.12154171563867,13.0966923121111,3.177620045777,2.91497477800336,5.73717511742598
"2005","summer",2.17528931470371,3.41929032176702,6.39633975516538,1.93891291304621,3.07844699377135,3.1550254711633
"2005","fall",0.612896300889315,1.6346780618538,1.98892714209034,3.05019149322504,1.44032357952405,1.58274283469326
"2006","winter",0.367164320720648,0.133125201652694,2.3934559156867,3.15444426592154,2.69137910578713,1.08998468209958
"2006","spring",7.23254465211428,5.9632355968436,12.373062424963,3.1212963436392,2.89508230373859,5.57406649509856
"2006","summer",2.18934767292558,3.34899009051743,6.18615992457847,1.95359984702634,3.0532012458511,3.12714902682128
"2006","fall",0.632380224186315,1.63701932237906,1.99153046205146,2.99796189649365,1.45842931504995,1.59541813846952
"2007","winter",0.569475815428141,0.2090451870393,3.62183336352158,4.70478267018609,4.07633284818918,1.674598573929
"2007","spring",10.6963440288067,8.88171940945851,18.0490390014397,4.67611651287744,4.37151187591099,8.28685070408877
"2007","summer",3.33803872192777,5.00701737936886,9.16783798050318,2.98102845627907,4.60566935001059,4.7150487754024
"2007","fall",0.982396094589204,2.4867566071289,3.02501367822911,4.49329092727082,2.23361934558497,2.43524742123676
"2008","winter",0.396682702371363,0.146254484711538,2.5014646905431,3.23362191592425,2.81623430570532,1.16262236393258
"2008","spring",7.33107245071452,6.10163641705045,12.3150686026714,3.21870798815948,3.01704046810608,5.68949409354012
"2008","summer",2.31140293820629,3.44412505897777,6.28777073198399,2.06477145253404,3.17757217971197,3.25252976342753
"2008","fall",0.684697219092071,1.71977056508573,2.09194961300376,3.09331323915239,1.54904507208152,1.68692752250022
"2009","winter",0.597208535256572,0.22681928580307,3.56431989624624,4.47160901776435,4.02054904386381,1.71255047085866
"2009","spring",9.96917131222949,8.41419028938125,16.313866188197,4.49140889425305,4.27946404586163,7.81711698992615
"2009","summer",3.347490213775,4.78602133814919,8.58529919266083,2.9956517645054,4.49770928894901,4.59936658515887
"2009","fall",1.0346914554817,2.47083335070258,3.00496793673585,4.32026480591513,2.26572109946783,2.44917066998154
"2010","winter",0.213271916270355,0.0747579980605577,1.49475958083105,2.06279359521741,1.67615641046148,0.650507695964501
"2010","spring",4.86499506312284,3.91735098937556,8.73358121894749,2.01182629762535,1.82010129240203,3.68402898260011
"2010","summer",1.33633228541621,2.17284139602247,4.13200909558078,1.18953741658791,1.92549215986025,1.97496592472619
"2010","fall",0.365692347942836,1.01034191926481,1.22947653545195,1.92964395443172,0.878435693658391,0.970522230785955
"2011","winter",0.15618945082595,0.0539933036292993,1.13047136152334,1.59520342642958,1.26601781622608,0.481969976819323
"2011","spring",3.81691845224287,3.03631169229764,7.0334849247799,1.54469047197943,1.38083342214092,2.864271035925
"2011","summer",1.00006553010912,1.67373475999989,3.23002549433397,0.889231419566307,1.46294252796867,1.50155690768538
"2011","fall",0.267313708292732,0.759937030561376,0.924877169996765,1.48058152778146,0.653487204446436,0.725198408462516
"2012","winter",0.377312092351064,0.137806842021133,2.42375216480115,3.166746949059,2.72691749596623,1.11381377493442
"2012","spring",7.22383419934802,5.98150270662462,12.2557738650648,3.14186952552876,2.9279633051017,5.58495872613735
"2012","summer",2.22706692788035,3.36693768615039,6.18645634845581,1.98822351936037,3.08603279246574,3.15990499737057
"2012","fall",0.650472957227532,1.66157093060835,2.02129025839506,3.01850741673647,1.48752539579192,1.62400156052334
"2013","winter",0.277865739213807,0.099933330752281,1.8418652302864,2.45220899654294,2.06983885085534,0.830145170655114
"2013","spring",5.6565064541683,4.64027394166088,9.77412686787932,2.41882243352439,2.23120451424838,4.34311739565174
"2013","summer",1.67608909391701,2.59900228510543,4.83093259294463,1.49477717913714,2.35469709235336,2.41249894352173
"2013","fall",0.478071811416912,1.2564070830745,1.5285877918866,2.32253779709654,1.11312235745289,1.22045349700406
"2014","winter",0.501084658770217,0.187679237796531,3.06709659921344,3.89982952130874,3.45667753245725,1.45149701313396
"2014","spring",8.75918346943143,7.34735483497085,14.4988384468659,3.90134562798031,3.69004176396041,6.8370964009299
"2014","summer",2.8593299893556,4.16497264529692,7.52975386904061,2.5567154626064,3.88190008558128,3.9713643433837
"2014","fall",0.866635370530849,2.11820338657404,2.57633496540744,3.75119754957535,1.92657475276966,2.08964089508001
"2015","winter",0.414489583324151,0.150050756684747,2.71053614221182,3.57913893602144,3.04756954534466,1.23196698633436
"2015","spring",8.21553084325767,6.76733106654559,14.0807580148495,3.53944536269292,3.27953537882294,6.32722888112833
"2015","summer",2.47696416556724,3.79866380391084,7.02498205802419,2.21001336644579,3.45910293756828,3.54309468324814
"2015","fall",0.713745877266413,1.85295806069115,2.25425898464014,3.3993942174664,1.6490712698448,1.80474561201541
"2016","winter",0.424395798487464,0.155412221119424,2.71200956396264,3.53261480020555,3.05181023100836,1.2502799001624
"2016","spring",8.04420514072793,6.67063689204788,13.6086382818994,3.50813485002055,3.27470640136878,6.22601422346894
"2016","summer",2.49589783178851,3.7578344236233,6.89200362201822,2.22860712018402,3.45077059530669,3.53303201529174
"2016","fall",0.731892287002275,1.86069527305602,2.26348075781648,3.37069797850759,1.66866689813,1.82047167752589
"2017","winter",0.199090224547321,0.0703024438550877,1.37259678277055,1.8736103240385,1.54016561721683,0.603595612418591
"2017","spring",4.38844468565856,3.55416085611926,7.78321072553198,1.83367863564827,1.66874973166346,3.33753362808338
"2017","summer",1.23363685814865,1.97731348473062,3.7337136485738,1.09873565593963,1.76408667709194,1.80880098076627
"2017","fall",0.341710697395892,0.930319874017838,1.13202679555298,1.75935859589167,0.813393194537876,0.896633100199095
"2018","winter",0.354753890994589,0.129347680701644,2.28658809505668,2.99348253137262,2.57227788346627,1.0485919812789
"2018","spring",6.83652327920074,5.65530826327582,11.6205537421605,2.96815072053051,2.76308017848856,5.28172119110798
"2018","summer",2.09885751941973,3.18166499951217,5.85309727897012,1.87355408914719,2.91264769440576,2.98255794589826
"2018","fall",0.611448998401668,1.56670838859035,1.90591417237668,2.85143983596022,1.40102635271104,1.53027148724544
"2019","winter",0.442505915341039,0.16359404224412,2.7758203833074,3.57764759034946,3.12569960896296,1.29426838182606
"2019","spring",8.09727690931661,6.74890224787016,13.5654881216692,3.56436816139478,3.34645341122571,6.29071251163555
"2019","summer",2.56896251132565,3.81241131969994,6.94781089832291,2.29524336857223,3.52378543129503,3.60656757270706
"2019","fall",0.764056822661973,1.9099285964285,2.32321636823475,3.42580984195643,1.72328988867102,1.87534999824438
"2020","winter",0.0967145648240509,0.0328243026314966,0.73218167240988,1.06810995190282,0.818432577986826,0.303209389264779
"2020","spring",2.61407294611643,2.04021476834107,5.02906899258507,1.02308376401597,0.898420218234934,1.93382181392264
"2020","summer",0.638013376518634,1.11400512187217,2.19936111598815,0.566423716636521,0.953901278490094,0.980063156424237
"2020","fall",0.165109190490615,0.488320803035519,0.594415185168645,0.979617221443311,0.413430971894021,0.461659704885066
"2021","winter",0.11502576179253,0.0391709256693406,0.863469235766918,1.25151970303715,0.965533399969749,0.359554951053896
"2021","spring",3.04923444014089,2.38888879918949,5.81490970848531,1.20132478775361,1.05858904012842,2.26217569785997
"2021","summer",0.754583955214181,1.3068315601854,2.56845933568871,0.670111274796274,1.12349371475469,1.1540833429891
"2021","fall",0.196460758883003,0.576752025373715,0.70203521075094,1.15051589341487,0.489741649311462,0.54623172731506
"2022","winter",0.09435975581616,0.0317617463808902,0.729620119592738,1.08216340893317,0.814825372059309,0.297993339334205
"2022","spring",2.6797388830618,2.07079270340289,5.27831838061401,1.03083780862325,0.897269624905174,1.96764198427451
"2022","summer",0.631181753141549,1.12523074269051,2.24774661461667,0.559945346721127,0.953689021338649,0.980328785826851
"2022","fall",0.1609055037802,0.48475725201665,0.590128485423324,0.986533144195597,0.407389371976237,0.456249266404772
