"Year","Quarter","Fleet","Area","Catch_lbs"
1986,1,"Intl","CAR",1983610.33581775
1986,2,"Intl","CAR",1363432.27471806
1986,3,"Intl","CAR",216194.716846987
1986,4,"Intl","CAR",104564.412642111
1987,1,"Intl","CAR",1491251.11421614
1987,2,"Intl","CAR",1025009.7320618
1987,3,"Intl","CAR",162532.230531458
1987,4,"Intl","CAR",78610.0949588071
1988,1,"Intl","CAR",1667671.3164927
1988,2,"Intl","CAR",1146271.95446143
1988,3,"Intl","CAR",181760.359659725
1988,4,"Intl","CAR",87909.9430671533
1989,1,"Intl","CAR",1732590.19989526
1989,2,"Intl","CAR",1190893.87403477
1989,3,"Intl","CAR",188835.902351658
1989,4,"Intl","CAR",91332.0894382407
1990,1,"Intl","CAR",2230264.36747882
1990,2,"Intl","CAR",1532969.6386769
1990,3,"Intl","CAR",243077.667379784
1990,4,"Intl","CAR",117566.580195254
1991,1,"Intl","CAR",2545447.09139445
1991,2,"Intl","CAR",1749610.12015683
1991,3,"Intl","CAR",277429.595539057
1991,4,"Intl","CAR",134181.182270108
1992,1,"Intl","CAR",2453636.66685468
1992,2,"Intl","CAR",1686504.33082271
1992,3,"Intl","CAR",267423.12986454
1992,4,"Intl","CAR",129341.470083154
1993,1,"Intl","CAR",2382056.82513635
1993,2,"Intl","CAR",1637304.00923952
1993,3,"Intl","CAR",259621.605879303
1993,4,"Intl","CAR",125568.196688102
1994,1,"Intl","CAR",2695338.73036375
1994,2,"Intl","CAR",1852637.96518814
1994,3,"Intl","CAR",293766.362826237
1994,4,"Intl","CAR",142082.598644976
1995,1,"Intl","CAR",2914038.96822868
1995,2,"Intl","CAR",2002961.3212472
1995,3,"Intl","CAR",317602.61490953
1995,4,"Intl","CAR",153611.204593487
1996,1,"Intl","CAR",3477179.36504659
1996,2,"Intl","CAR",2390035.22298836
1996,3,"Intl","CAR",378979.578134999
1996,4,"Intl","CAR",183296.694613902
1997,1,"Intl","CAR",5117965.49385148
1997,2,"Intl","CAR",2628773.18547826
1997,3,"Intl","CAR",1308570.72285975
1997,4,"Intl","CAR",296609.363848211
1998,1,"Intl","CAR",4006560.8752702
1998,2,"Intl","CAR",2917460.17112721
1998,3,"Intl","CAR",350633.438906499
1998,4,"Intl","CAR",242198.267055054
1999,1,"Intl","CAR",2610725.42508879
1999,2,"Intl","CAR",4406265.15622128
1999,3,"Intl","CAR",87912.1826815612
1999,4,"Intl","CAR",379620.788852196
2000,1,"Intl","CAR",3716765.0845341
2000,2,"Intl","CAR",2258349.38863424
2000,3,"Intl","CAR",224371.645523056
2000,4,"Intl","CAR",103649.944942716
2001,1,"Intl","CAR",5268563.44556708
2001,2,"Intl","CAR",1028012.37962285
2001,3,"Intl","CAR",466663.514434055
2001,4,"Intl","CAR",114975.068773608
2002,1,"Intl","CAR",4950968.88182992
2002,2,"Intl","CAR",2436024.00880686
2002,3,"Intl","CAR",157841.72843241
2002,4,"Intl","CAR",128377.939125027
2003,1,"Intl","CAR",5793197.76592665
2003,2,"Intl","CAR",523542.377177938
2003,3,"Intl","CAR",191294.330122708
2003,4,"Intl","CAR",523542.377177938
2004,1,"Intl","CAR",3873854.41417747
2004,2,"Intl","CAR",3981096.71151911
2004,3,"Intl","CAR",103959.369871994
2004,4,"Intl","CAR",0
2005,1,"Intl","CAR",5025475.42907929
2005,2,"Intl","CAR",3620975.74584316
2005,3,"Intl","CAR",438906.151011292
2005,4,"Intl","CAR",438906.151011292
2006,1,"Intl","CAR",1154659.86783401
2006,2,"Intl","CAR",5604911.4417776
2006,3,"Intl","CAR",1491435.66261893
2006,4,"Intl","CAR",0
2007,1,"Intl","CAR",2021760.66585901
2007,2,"Intl","CAR",1946880.64119756
2007,3,"Intl","CAR",898560.295937337
2007,4,"Intl","CAR",3070081.01111923
2008,1,"Intl","CAR",3289151.67117335
2008,2,"Intl","CAR",2983399.54399386
2008,3,"Intl","CAR",1542658.45986018
2008,4,"Intl","CAR",370608.639005448
2009,1,"Intl","CAR",7006586.52389049
2009,2,"Intl","CAR",60985.7627804782
2009,3,"Intl","CAR",1585629.83229243
2009,4,"Intl","CAR",101642.937967464
2010,1,"Intl","CAR",1118948.6934337
2010,2,"Intl","CAR",4553634.68284324
2010,3,"Intl","CAR",2837913.35291156
2010,4,"Intl","CAR",622719.272867451
2011,1,"Intl","CAR",127378.801074042
2011,2,"Intl","CAR",2685145.12664081
2011,3,"Intl","CAR",5650523.61564451
2011,4,"Intl","CAR",1146409.20966638
2012,1,"Intl","CAR",880696.803296842
2012,2,"Intl","CAR",2880396.60372379
2012,3,"Intl","CAR",4012351.02443179
2012,4,"Intl","CAR",178729.645374947
2013,1,"Intl","CAR",750312.865760723
2013,2,"Intl","CAR",3155727.64128774
2013,3,"Intl","CAR",2449550.82645412
2013,4,"Intl","CAR",2864429.70516888
2014,1,"Intl","CAR",5605940.45872511
2014,2,"Intl","CAR",3692098.46025803
2014,3,"Intl","CAR",625779.400043734
2014,4,"Intl","CAR",0
2015,1,"Intl","CAR",8549747.26766574
2015,2,"Intl","CAR",3000124.99088556
2015,3,"Intl","CAR",40597.0905397234
2015,4,"Intl","CAR",0
2016,1,"Intl","CAR",0
2016,2,"Intl","CAR",4544821.78125587
2016,3,"Intl","CAR",3454064.55375446
2016,4,"Intl","CAR",3226823.46469167
2017,1,"Intl","CAR",5406331.2490669
2017,2,"Intl","CAR",2624048.58186418
2017,3,"Intl","CAR",2736131.05897898
2017,4,"Intl","CAR",936218.338253048
2018,1,"Intl","CAR",1418728.59723939
2018,2,"Intl","CAR",321111.410897804
2018,3,"Intl","CAR",6042732.91416777
2018,4,"Intl","CAR",3678185.25210212
2019,1,"Intl","CAR",3676441.96479188
2019,2,"Intl","CAR",4191143.83986274
2019,3,"Intl","CAR",2263054.27610522
2019,4,"Intl","CAR",935450.233263712
2020,1,"Intl","CAR",4202312.7774773
2020,2,"Intl","CAR",5346275.70023501
2020,3,"Intl","CAR",350192.731456442
2020,4,"Intl","CAR",1167309.10485481
2021,1,"Intl","CAR",820451.542269378
2021,2,"Intl","CAR",5583072.69007699
2021,3,"Intl","CAR",2891591.41116891
2021,4,"Intl","CAR",1770974.67050829
2022,1,"Intl","CAR",851850.117698217
2022,2,"Intl","CAR",4115948.69953251
2022,3,"Intl","CAR",4147793.56374552
2022,4,"Intl","CAR",1950497.93304732
1986,1,"UnRep","CAR",1424148.55482967
1986,2,"UnRep","CAR",978886.86532145
1986,3,"UnRep","CAR",155218.687864175
1986,4,"UnRep","CAR",75072.8378764397
1987,1,"UnRep","CAR",1302814.66458876
1987,2,"UnRep","CAR",895488.155915474
1987,3,"UnRep","CAR",141994.44438706
1987,4,"UnRep","CAR",68676.8201014099
1988,1,"UnRep","CAR",1498903.19794663
1988,2,"UnRep","CAR",1030269.38298144
1988,3,"UnRep","CAR",163366.235096534
1988,4,"UnRep","CAR",79013.4683564544
1989,1,"UnRep","CAR",1475811.60810342
1989,2,"UnRep","CAR",1014397.40535645
1989,3,"UnRep","CAR",160849.470771628
1989,4,"UnRep","CAR",77796.2138960752
1990,1,"UnRep","CAR",1466865.81168323
1990,2,"UnRep","CAR",1008248.52251283
1990,3,"UnRep","CAR",159874.463791118
1990,4,"UnRep","CAR",77324.6434815628
1991,1,"UnRep","CAR",1429721.3950584
1991,2,"UnRep","CAR",982717.350620146
1991,3,"UnRep","CAR",155826.074604165
1991,4,"UnRep","CAR",75366.6056365399
1992,1,"UnRep","CAR",1682661.36889115
1992,2,"UnRep","CAR",1156575.34967506
1992,3,"UnRep","CAR",183394.133226684
1992,4,"UnRep","CAR",88700.1315412786
1993,1,"UnRep","CAR",1740708.52720745
1993,2,"UnRep","CAR",1196473.99694213
1993,3,"UnRep","CAR",189720.723045944
1993,4,"UnRep","CAR",91760.0404887611
1994,1,"UnRep","CAR",1675787.85227312
1994,2,"UnRep","CAR",1151850.84596149
1994,3,"UnRep","CAR",182644.985094036
1994,4,"UnRep","CAR",88337.7996785266
1995,1,"UnRep","CAR",1657473.21183682
1995,2,"UnRep","CAR",1139262.2989975
1995,3,"UnRep","CAR",180648.862956646
1995,4,"UnRep","CAR",87372.3582380415
1996,1,"UnRep","CAR",1813319.95647182
1996,2,"UnRep","CAR",1246383.37903438
1996,3,"UnRep","CAR",197634.680291581
1996,4,"UnRep","CAR",95587.6931859843
1997,1,"UnRep","CAR",2118698.60171897
1997,2,"UnRep","CAR",1088240.64542838
1997,3,"UnRep","CAR",541712.710666783
1997,4,"UnRep","CAR",122788.214417804
1998,1,"UnRep","CAR",2077364.26426041
1998,2,"UnRep","CAR",1512675.75623546
1998,3,"UnRep","CAR",181800.151929546
1998,4,"UnRep","CAR",125577.531581131
1999,1,"UnRep","CAR",1250459.27172246
1999,2,"UnRep","CAR",2110469.01574383
1999,3,"UnRep","CAR",42107.3020069809
1999,4,"UnRep","CAR",181826.985939236
2000,1,"UnRep","CAR",2022477.56224847
2000,2,"UnRep","CAR",1228880.72351843
2000,3,"UnRep","CAR",122091.821343084
2000,4,"UnRep","CAR",56401.1131204462
2001,1,"UnRep","CAR",2688922.12065648
2001,2,"UnRep","CAR",524667.730859801
2001,3,"UnRep","CAR",238171.535719252
2001,4,"UnRep","CAR",58679.9435830041
2002,1,"UnRep","CAR",2317658.14810219
2002,2,"UnRep","CAR",1140356.77212679
2002,3,"UnRep","CAR",73889.2076972005
2002,4,"UnRep","CAR",60096.555593723
2003,1,"UnRep","CAR",2888123.223265
2003,2,"UnRep","CAR",261005.226989538
2003,3,"UnRep","CAR",95367.2944769464
2003,4,"UnRep","CAR",261005.226989538
2004,1,"UnRep","CAR",1786489.58302408
2004,2,"UnRep","CAR",1835946.07430553
2004,3,"UnRep","CAR",47942.5170585557
2004,4,"UnRep","CAR",0
2005,1,"UnRep","CAR",1996588.05373752
2005,2,"UnRep","CAR",1438589.64570608
2005,3,"UnRep","CAR",174374.502509827
2005,4,"UnRep","CAR",174374.502509827
2006,1,"UnRep","CAR",523276.183812657
2006,2,"UnRep","CAR",2540069.80892394
2006,3,"UnRep","CAR",675898.404091348
2006,4,"UnRep","CAR",0
2007,1,"UnRep","CAR",775617.930872338
2007,2,"UnRep","CAR",746891.34084003
2007,3,"UnRep","CAR",344719.080387706
2007,4,"UnRep","CAR",1177790.19132466
2008,1,"UnRep","CAR",1135461.21253784
2008,2,"UnRep","CAR",1029911.29700615
2008,3,"UnRep","CAR",532547.301091689
2008,4,"UnRep","CAR",127939.291553559
2009,1,"UnRep","CAR",2159404.79100388
2009,2,"UnRep","CAR",18795.5929584477
2009,3,"UnRep","CAR",488685.416919641
2009,4,"UnRep","CAR",31325.9882640795
2010,1,"UnRep","CAR",342580.504869317
2010,2,"UnRep","CAR",1394153.70677252
2010,3,"UnRep","CAR",868863.599306238
2010,4,"UnRep","CAR",190653.498362054
2011,1,"UnRep","CAR",36496.4247426313
2011,2,"UnRep","CAR",769344.633574668
2011,3,"UnRep","CAR",1618981.40158313
2011,4,"UnRep","CAR",328467.822683682
2012,1,"UnRep","CAR",297403.408938956
2012,2,"UnRep","CAR",972684.090412115
2012,3,"UnRep","CAR",1354934.94248954
2012,4,"UnRep","CAR",60355.3976964352
2013,1,"UnRep","CAR",224865.912020451
2013,2,"UnRep","CAR",945759.57114484
2013,3,"UnRep","CAR",734121.065713827
2013,4,"UnRep","CAR",858458.687654547
2014,1,"UnRep","CAR",1591032.83589643
2014,2,"UnRep","CAR",1047861.62587411
2014,3,"UnRep","CAR",177603.665402392
2014,4,"UnRep","CAR",0
2015,1,"UnRep","CAR",2061491.46350383
2015,2,"UnRep","CAR",723381.857326366
2015,3,"UnRep","CAR",9788.65842119575
2015,4,"UnRep","CAR",0
2016,1,"UnRep","CAR",0
2016,2,"UnRep","CAR",1124895.90836822
2016,3,"UnRep","CAR",854920.890359847
2016,4,"UnRep","CAR",798676.094941436
2017,1,"UnRep","CAR",1276394.1278328
2017,2,"UnRep","CAR",619518.125460313
2017,3,"UnRep","CAR",645979.954939773
2017,4,"UnRep","CAR",221034.10506373
2018,1,"UnRep","CAR",338237.997862412
2018,2,"UnRep","CAR",76555.9254421098
2018,3,"UnRep","CAR",1440643.32422879
2018,4,"UnRep","CAR",876913.32779144
2019,1,"UnRep","CAR",911356.264707627
2019,2,"UnRep","CAR",1038946.14176669
2019,3,"UnRep","CAR",560990.411831139
2019,4,"UnRep","CAR",231889.538464496
2020,1,"UnRep","CAR",1041714.81902657
2020,2,"UnRep","CAR",1325292.7419838
2020,3,"UnRep","CAR",86809.5682522138
2020,4,"UnRep","CAR",289365.227507379
2021,1,"UnRep","CAR",203382.417048044
2021,2,"UnRep","CAR",1383992.54527815
2021,3,"UnRep","CAR",716799.006425423
2021,4,"UnRep","CAR",439008.388018339
2022,1,"UnRep","CAR",211165.83609668
2022,2,"UnRep","CAR",1020305.95571947
2022,3,"UnRep","CAR",1028200.00566701
2022,4,"UnRep","CAR",483510.559286791
1997,1,"Intl","NCA",0
1997,2,"Intl","NCA",0
1997,3,"Intl","NCA",0
1997,4,"Intl","NCA",0
1998,1,"Intl","NCA",0
1998,2,"Intl","NCA",0
1998,3,"Intl","NCA",0
1998,4,"Intl","NCA",0
1999,1,"Intl","NCA",8552.20961979488
1999,2,"Intl","NCA",15734.5847983239
1999,3,"Intl","NCA",18881.5017579887
1999,4,"Intl","NCA",0
2000,1,"Intl","NCA",26611.2334850123
2000,2,"Intl","NCA",0
2000,3,"Intl","NCA",3673.39379871542
2000,4,"Intl","NCA",0
2001,1,"Intl","NCA",152602.611420424
2001,2,"Intl","NCA",11669.6114615619
2001,3,"Intl","NCA",0
2001,4,"Intl","NCA",0
2002,1,"Intl","NCA",12581.9154572442
2002,2,"Intl","NCA",805.738428296424
2002,3,"Intl","NCA",4545.19113397983
2002,4,"Intl","NCA",4214.63177878129
2003,1,"Intl","NCA",60641.7916978871
2003,2,"Intl","NCA",69869.890434522
2003,3,"Intl","NCA",6591.49909759642
2003,4,"Intl","NCA",0
2004,1,"Intl","NCA",47184.4703216066
2004,2,"Intl","NCA",3973.42907971424
2004,3,"Intl","NCA",14900.3590489284
2004,4,"Intl","NCA",0
2005,1,"Intl","NCA",108889.761586726
2005,2,"Intl","NCA",0
2005,3,"Intl","NCA",6282.10163000344
2005,4,"Intl","NCA",0
2006,1,"Intl","NCA",141848.750696378
2006,2,"Intl","NCA",28673.3503191251
2006,3,"Intl","NCA",0
2006,4,"Intl","NCA",0
2007,1,"Intl","NCA",330838.61950292
2007,2,"Intl","NCA",0
2007,3,"Intl","NCA",0
2007,4,"Intl","NCA",0
2008,1,"Intl","NCA",169011.593868223
2008,2,"Intl","NCA",130664.425511568
2008,3,"Intl","NCA",0
2008,4,"Intl","NCA",41187.6993460376
2009,1,"Intl","NCA",389623.076043758
2009,2,"Intl","NCA",153246.924158213
2009,3,"Intl","NCA",64913.0839122995
2009,4,"Intl","NCA",54937.5765850196
2010,1,"Intl","NCA",146863.627065842
2010,2,"Intl","NCA",36980.0499806077
2010,3,"Intl","NCA",18783.5174504674
2010,4,"Intl","NCA",29466.6430004207
2011,1,"Intl","NCA",66676.292702466
2011,2,"Intl","NCA",9747.99600913245
2011,3,"Intl","NCA",0
2011,4,"Intl","NCA",224073.934929925
2012,1,"Intl","NCA",680483.075002318
2012,2,"Intl","NCA",318870.009494955
2012,3,"Intl","NCA",5534.45944383767
2012,4,"Intl","NCA",54322.8480795144
2013,1,"Intl","NCA",1633093.1542403
2013,2,"Intl","NCA",606036.104840924
2013,3,"Intl","NCA",0
2013,4,"Intl","NCA",232662.136800999
2014,1,"Intl","NCA",729738.306650844
2014,2,"Intl","NCA",437896.07034545
2014,3,"Intl","NCA",0
2014,4,"Intl","NCA",79828.6062472461
2015,1,"Intl","NCA",387741.951803611
2015,2,"Intl","NCA",276386.308620342
2015,3,"Intl","NCA",3471.51885223618
2015,4,"Intl","NCA",42459.3459619656
2016,1,"Intl","NCA",439836.338745373
2016,2,"Intl","NCA",580409.508794428
2016,3,"Intl","NCA",0
2016,4,"Intl","NCA",74648.0437611331
2017,1,"Intl","NCA",628067.039054999
2017,2,"Intl","NCA",471857.148560333
2017,3,"Intl","NCA",48412.156145041
2017,4,"Intl","NCA",225923.395343525
2018,1,"Intl","NCA",719062.773330477
2018,2,"Intl","NCA",59407.2311708615
2018,3,"Intl","NCA",23527.6163052917
2018,4,"Intl","NCA",83817.1330876017
2019,1,"Intl","NCA",530991.428667857
2019,2,"Intl","NCA",65792.1650660173
2019,3,"Intl","NCA",25386.0443984633
2019,4,"Intl","NCA",10577.5184993597
2020,1,"Intl","NCA",218632.147616643
2020,2,"Intl","NCA",118318.574004301
2020,3,"Intl","NCA",270075.005879383
2020,4,"Intl","NCA",25721.4291313698
2021,1,"Intl","NCA",294520.630698753
2021,2,"Intl","NCA",338226.525932945
2021,3,"Intl","NCA",0
2021,4,"Intl","NCA",0
2022,1,"Intl","NCA",117447.268052287
2022,2,"Intl","NCA",379501.484893953
2022,3,"Intl","NCA",91755.6781658494
2022,4,"Intl","NCA",44042.7255196077
2007,1,"Intl","NED",0
2007,2,"Intl","NED",1450.36578070392
2007,3,"Intl","NED",13279.9116795703
2007,4,"Intl","NED",0
2008,1,"Intl","NED",0
2008,2,"Intl","NED",1312.74955147015
2008,3,"Intl","NED",22170.881313718
2008,4,"Intl","NED",5250.99820588059
2009,1,"Intl","NED",0
2009,2,"Intl","NED",13518.2557110208
2009,3,"Intl","NED",5080.10883407788
2009,4,"Intl","NED",172.207079121284
2010,1,"Intl","NED",0
2010,2,"Intl","NED",0
2010,3,"Intl","NED",23742.5933597214
2010,4,"Intl","NED",24859.8918707671
2011,1,"Intl","NED",0
2011,2,"Intl","NED",0
2011,3,"Intl","NED",37049.2035779596
2011,4,"Intl","NED",0
2012,1,"Intl","NED",0
2012,2,"Intl","NED",2242.18585237901
2012,3,"Intl","NED",94171.8057999184
2012,4,"Intl","NED",5124.99623400917
2013,1,"Intl","NED",0
2013,2,"Intl","NED",9708.74362831111
2013,3,"Intl","NED",93932.09460391
2013,4,"Intl","NED",5461.168290925
2014,1,"Intl","NED",0
2014,2,"Intl","NED",0
2014,3,"Intl","NED",334210.250070383
2014,4,"Intl","NED",224735.254707781
2015,1,"Intl","NED",0
2015,2,"Intl","NED",0
2015,3,"Intl","NED",39772.1232100108
2015,4,"Intl","NED",89487.2772225243
2016,1,"Intl","NED",0
2016,2,"Intl","NED",0
2016,3,"Intl","NED",261488.107834961
2016,4,"Intl","NED",108201.975655846
2017,1,"Intl","NED",0
2017,2,"Intl","NED",0
2017,3,"Intl","NED",111054.678151186
2017,4,"Intl","NED",7529.13072211429
2018,1,"Intl","NED",0
2018,2,"Intl","NED",0
2018,3,"Intl","NED",39255.8271399435
2018,4,"Intl","NED",2661.4120094877
2019,1,"Intl","NED",0
2019,2,"Intl","NED",0
2019,3,"Intl","NED",57982.8060776417
2019,4,"Intl","NED",0
2020,1,"Intl","NED",0
2020,2,"Intl","NED",0
2020,3,"Intl","NED",57982.8060776417
2020,4,"Intl","NED",0
2021,1,"Intl","NED",0
2021,2,"Intl","NED",0
2021,3,"Intl","NED",57982.8060776417
2021,4,"Intl","NED",0
2022,1,"Intl","NED",0
2022,2,"Intl","NED",57982.8060776417
2022,3,"Intl","NED",0
2022,4,"Intl","NED",0
1986,1,"UScom","NCA",0
1986,2,"UScom","NCA",0
1986,3,"UScom","NCA",0
1986,4,"UScom","NCA",0
1987,1,"UScom","NCA",0
1987,2,"UScom","NCA",0
1987,3,"UScom","NCA",0
1987,4,"UScom","NCA",0
1988,1,"UScom","NCA",0
1988,2,"UScom","NCA",0
1988,3,"UScom","NCA",0
1988,4,"UScom","NCA",0
1989,1,"UScom","NCA",0
1989,2,"UScom","NCA",0
1989,3,"UScom","NCA",0
1989,4,"UScom","NCA",0
1990,1,"UScom","NCA",0
1990,2,"UScom","NCA",826.90656865678
1990,3,"UScom","NCA",0
1990,4,"UScom","NCA",0
1991,1,"UScom","NCA",2367.81685772084
1991,2,"UScom","NCA",0
1991,3,"UScom","NCA",0
1991,4,"UScom","NCA",0
1992,1,"UScom","NCA",0
1992,2,"UScom","NCA",0
1992,3,"UScom","NCA",368.599718430185
1992,4,"UScom","NCA",177.904992164764
1993,1,"UScom","NCA",1350.2873396065
1993,2,"UScom","NCA",5269.22603771738
1993,3,"UScom","NCA",1731.10783748739
1993,4,"UScom","NCA",0
1994,1,"UScom","NCA",649.500154613533
1994,2,"UScom","NCA",1418.25417249453
1994,3,"UScom","NCA",0
1994,4,"UScom","NCA",0
1995,1,"UScom","NCA",0
1995,2,"UScom","NCA",0
1995,3,"UScom","NCA",0
1995,4,"UScom","NCA",0
1996,1,"UScom","NCA",0
1996,2,"UScom","NCA",0
1996,3,"UScom","NCA",0
1996,4,"UScom","NCA",0
1997,1,"UScom","NCA",0
1997,2,"UScom","NCA",15907.1253027361
1997,3,"UScom","NCA",0
1997,4,"UScom","NCA",0
1998,1,"UScom","NCA",0
1998,2,"UScom","NCA",0
1998,3,"UScom","NCA",0
1998,4,"UScom","NCA",0
1999,1,"UScom","NCA",0
1999,2,"UScom","NCA",0
1999,3,"UScom","NCA",0
1999,4,"UScom","NCA",0
2000,1,"UScom","NCA",0
2000,2,"UScom","NCA",0
2000,3,"UScom","NCA",0
2000,4,"UScom","NCA",0
2001,1,"UScom","NCA",0
2001,2,"UScom","NCA",0
2001,3,"UScom","NCA",0
2001,4,"UScom","NCA",0
2002,1,"UScom","NCA",0
2002,2,"UScom","NCA",0
2002,3,"UScom","NCA",0
2002,4,"UScom","NCA",0
2003,1,"UScom","NCA",0
2003,2,"UScom","NCA",0
2003,3,"UScom","NCA",0
2003,4,"UScom","NCA",0
2004,1,"UScom","NCA",0
2004,2,"UScom","NCA",0
2004,3,"UScom","NCA",0
2004,4,"UScom","NCA",0
2005,1,"UScom","NCA",0
2005,2,"UScom","NCA",0
2005,3,"UScom","NCA",0
2005,4,"UScom","NCA",0
2006,1,"UScom","NCA",0
2006,2,"UScom","NCA",0
2006,3,"UScom","NCA",0
2006,4,"UScom","NCA",0
2007,1,"UScom","NCA",0
2007,2,"UScom","NCA",0
2007,3,"UScom","NCA",0
2007,4,"UScom","NCA",0
2008,1,"UScom","NCA",0
2008,2,"UScom","NCA",0
2008,3,"UScom","NCA",0
2008,4,"UScom","NCA",0
2009,1,"UScom","NCA",0
2009,2,"UScom","NCA",0
2009,3,"UScom","NCA",0
2009,4,"UScom","NCA",0
2010,1,"UScom","NCA",0
2010,2,"UScom","NCA",0
2010,3,"UScom","NCA",0
2010,4,"UScom","NCA",0
2011,1,"UScom","NCA",0
2011,2,"UScom","NCA",0
2011,3,"UScom","NCA",0
2011,4,"UScom","NCA",0
2012,1,"UScom","NCA",0
2012,2,"UScom","NCA",0
2012,3,"UScom","NCA",0
2012,4,"UScom","NCA",0
2013,1,"UScom","NCA",0
2013,2,"UScom","NCA",0
2013,3,"UScom","NCA",0
2013,4,"UScom","NCA",0
2014,1,"UScom","NCA",0
2014,2,"UScom","NCA",0
2014,3,"UScom","NCA",0
2014,4,"UScom","NCA",0
2015,1,"UScom","NCA",0
2015,2,"UScom","NCA",0
2015,3,"UScom","NCA",0
2015,4,"UScom","NCA",0
2016,1,"UScom","NCA",0
2016,2,"UScom","NCA",0
2016,3,"UScom","NCA",0
2016,4,"UScom","NCA",0
2017,1,"UScom","NCA",0
2017,2,"UScom","NCA",0
2017,3,"UScom","NCA",0
2017,4,"UScom","NCA",0
2018,1,"UScom","NCA",0
2018,2,"UScom","NCA",0
2018,3,"UScom","NCA",0
2018,4,"UScom","NCA",0
2019,1,"UScom","NCA",0
2019,2,"UScom","NCA",0
2019,3,"UScom","NCA",0
2019,4,"UScom","NCA",0
2020,1,"UScom","NCA",0
2020,2,"UScom","NCA",0
2020,3,"UScom","NCA",0
2020,4,"UScom","NCA",0
2021,1,"UScom","NCA",0
2021,2,"UScom","NCA",0
2021,3,"UScom","NCA",0
2021,4,"UScom","NCA",0
2022,1,"UScom","NCA",0
2022,2,"UScom","NCA",0
2022,3,"UScom","NCA",0
2022,4,"UScom","NCA",0
1986,1,"UScom","CAR",0
1986,2,"UScom","CAR",0
1986,3,"UScom","CAR",0
1986,4,"UScom","CAR",0
1987,1,"UScom","CAR",0
1987,2,"UScom","CAR",0
1987,3,"UScom","CAR",0
1987,4,"UScom","CAR",0
1988,1,"UScom","CAR",0
1988,2,"UScom","CAR",0
1988,3,"UScom","CAR",0
1988,4,"UScom","CAR",0
1989,1,"UScom","CAR",0
1989,2,"UScom","CAR",0
1989,3,"UScom","CAR",0
1989,4,"UScom","CAR",0
1990,1,"UScom","CAR",0
1990,2,"UScom","CAR",0
1990,3,"UScom","CAR",0
1990,4,"UScom","CAR",0
1991,1,"UScom","CAR",0
1991,2,"UScom","CAR",854.347210973831
1991,3,"UScom","CAR",208.954304020096
1991,4,"UScom","CAR",0
1992,1,"UScom","CAR",0
1992,2,"UScom","CAR",0
1992,3,"UScom","CAR",0
1992,4,"UScom","CAR",0
1993,1,"UScom","CAR",0
1993,2,"UScom","CAR",0
1993,3,"UScom","CAR",0
1993,4,"UScom","CAR",0
1994,1,"UScom","CAR",0
1994,2,"UScom","CAR",0
1994,3,"UScom","CAR",0
1994,4,"UScom","CAR",0
1995,1,"UScom","CAR",0
1995,2,"UScom","CAR",0
1995,3,"UScom","CAR",0
1995,4,"UScom","CAR",0
1996,1,"UScom","CAR",0
1996,2,"UScom","CAR",359.938388625592
1996,3,"UScom","CAR",0
1996,4,"UScom","CAR",0
1997,1,"UScom","CAR",0
1997,2,"UScom","CAR",0
1997,3,"UScom","CAR",0
1997,4,"UScom","CAR",0
1998,1,"UScom","CAR",2161.07823392719
1998,2,"UScom","CAR",649.957916231247
1998,3,"UScom","CAR",506.737309314861
1998,4,"UScom","CAR",0
1999,1,"UScom","CAR",1618.43905268246
1999,2,"UScom","CAR",1232.75736967944
1999,3,"UScom","CAR",0
1999,4,"UScom","CAR",318.002366280503
2000,1,"UScom","CAR",0
2000,2,"UScom","CAR",1402.83373752254
2000,3,"UScom","CAR",0
2000,4,"UScom","CAR",296.426308088003
2001,1,"UScom","CAR",5288.49977924945
2001,2,"UScom","CAR",1408.74241110147
2001,3,"UScom","CAR",0
2001,4,"UScom","CAR",0
2002,1,"UScom","CAR",6513.77091851885
2002,2,"UScom","CAR",2843.26143654716
2002,3,"UScom","CAR",0
2002,4,"UScom","CAR",438.676181020067
2003,1,"UScom","CAR",5597.34515242706
2003,2,"UScom","CAR",460.790504097679
2003,3,"UScom","CAR",187.709486078428
2003,4,"UScom","CAR",73.7563135306076
2004,1,"UScom","CAR",2362.19135964092
2004,2,"UScom","CAR",4940.3913558818
2004,3,"UScom","CAR",0
2004,4,"UScom","CAR",0
2005,1,"UScom","CAR",209.125796595373
2005,2,"UScom","CAR",0
2005,3,"UScom","CAR",0
2005,4,"UScom","CAR",0
2006,1,"UScom","CAR",0
2006,2,"UScom","CAR",0
2006,3,"UScom","CAR",0
2006,4,"UScom","CAR",0
2007,1,"UScom","CAR",0
2007,2,"UScom","CAR",0
2007,3,"UScom","CAR",0
2007,4,"UScom","CAR",0
2008,1,"UScom","CAR",0
2008,2,"UScom","CAR",28.2674553072995
2008,3,"UScom","CAR",0
2008,4,"UScom","CAR",0
2009,1,"UScom","CAR",0
2009,2,"UScom","CAR",0
2009,3,"UScom","CAR",0
2009,4,"UScom","CAR",0
2010,1,"UScom","CAR",0
2010,2,"UScom","CAR",0
2010,3,"UScom","CAR",0
2010,4,"UScom","CAR",0
2011,1,"UScom","CAR",0
2011,2,"UScom","CAR",0
2011,3,"UScom","CAR",45.6485204096576
2011,4,"UScom","CAR",0
2012,1,"UScom","CAR",0
2012,2,"UScom","CAR",0
2012,3,"UScom","CAR",9.41123027044523
2012,4,"UScom","CAR",0
2013,1,"UScom","CAR",0
2013,2,"UScom","CAR",321.164859002169
2013,3,"UScom","CAR",0
2013,4,"UScom","CAR",215.904044117647
2014,1,"UScom","CAR",772.8
2014,2,"UScom","CAR",547.89432570255
2014,3,"UScom","CAR",0
2014,4,"UScom","CAR",0
2015,1,"UScom","CAR",1002.46037700771
2015,2,"UScom","CAR",0
2015,3,"UScom","CAR",0
2015,4,"UScom","CAR",0
2016,1,"UScom","CAR",0
2016,2,"UScom","CAR",775.969144513246
2016,3,"UScom","CAR",673.715842173107
2016,4,"UScom","CAR",1093.88727714749
2017,1,"UScom","CAR",1408.30126829268
2017,2,"UScom","CAR",14.0473798189058
2017,3,"UScom","CAR",357.530442641234
2017,4,"UScom","CAR",0
2018,1,"UScom","CAR",0
2018,2,"UScom","CAR",0
2018,3,"UScom","CAR",0
2018,4,"UScom","CAR",0
2019,1,"UScom","CAR",0
2019,2,"UScom","CAR",0
2019,3,"UScom","CAR",0
2019,4,"UScom","CAR",0
2020,1,"UScom","CAR",0
2020,2,"UScom","CAR",0
2020,3,"UScom","CAR",0
2020,4,"UScom","CAR",0
2021,1,"UScom","CAR",0
2021,2,"UScom","CAR",0
2021,3,"UScom","CAR",0
2021,4,"UScom","CAR",0
2022,1,"UScom","CAR",0
2022,2,"UScom","CAR",0
2022,3,"UScom","CAR",0
2022,4,"UScom","CAR",0
1986,1,"UScom","FLK",7368.86980297094
1986,2,"UScom","FLK",46113.6164198044
1986,3,"UScom","FLK",57533.658074195
1986,4,"UScom","FLK",24496.8082513258
1987,1,"UScom","FLK",16491.2749020848
1987,2,"UScom","FLK",28800.0950711373
1987,3,"UScom","FLK",57221.0939775357
1987,4,"UScom","FLK",5632.3628056203
1988,1,"UScom","FLK",3957.77215623852
1988,2,"UScom","FLK",38122.3871262434
1988,3,"UScom","FLK",64927.0956145318
1988,4,"UScom","FLK",15629.0306970694
1989,1,"UScom","FLK",19503.5178376438
1989,2,"UScom","FLK",61259.9800548211
1989,3,"UScom","FLK",150124.062411973
1989,4,"UScom","FLK",38785.5214575823
1990,1,"UScom","FLK",23117.2057511897
1990,2,"UScom","FLK",126003.482887535
1990,3,"UScom","FLK",149649.209799839
1990,4,"UScom","FLK",32015.9583570567
1991,1,"UScom","FLK",32362.3823257298
1991,2,"UScom","FLK",84822.3917544218
1991,3,"UScom","FLK",351086.944694938
1991,4,"UScom","FLK",103563.08644093
1992,1,"UScom","FLK",35417.6364294312
1992,2,"UScom","FLK",108516.879017739
1992,3,"UScom","FLK",109262.168307855
1992,4,"UScom","FLK",22054.1334435687
1993,1,"UScom","FLK",27172.9242213848
1993,2,"UScom","FLK",125876.74216852
1993,3,"UScom","FLK",128840.982260419
1993,4,"UScom","FLK",35294.5776876546
1994,1,"UScom","FLK",31198.9939796186
1994,2,"UScom","FLK",163791.406040036
1994,3,"UScom","FLK",218894.487722484
1994,4,"UScom","FLK",99802.5687209577
1995,1,"UScom","FLK",47555.385516629
1995,2,"UScom","FLK",531772.571392447
1995,3,"UScom","FLK",367156.480630136
1995,4,"UScom","FLK",104900.776073839
1996,1,"UScom","FLK",35674.6191456014
1996,2,"UScom","FLK",390596.159126615
1996,3,"UScom","FLK",364745.781611483
1996,4,"UScom","FLK",43218.3920287164
1997,1,"UScom","FLK",39517.8095587672
1997,2,"UScom","FLK",424119.48169136
1997,3,"UScom","FLK",380820.794821327
1997,4,"UScom","FLK",63652.5349135666
1998,1,"UScom","FLK",37891.0543405902
1998,2,"UScom","FLK",130135.009501969
1998,3,"UScom","FLK",275500.497125889
1998,4,"UScom","FLK",47157.5108041197
1999,1,"UScom","FLK",30306.7390578484
1999,2,"UScom","FLK",171135.551379763
1999,3,"UScom","FLK",365256.235834337
1999,4,"UScom","FLK",54822.6117301461
2000,1,"UScom","FLK",23020.4783593776
2000,2,"UScom","FLK",249224.454765014
2000,3,"UScom","FLK",268701.983421991
2000,4,"UScom","FLK",61257.6732790878
2001,1,"UScom","FLK",25364.6566033758
2001,2,"UScom","FLK",162630.046646999
2001,3,"UScom","FLK",199399.996181515
2001,4,"UScom","FLK",43878.9000293535
2002,1,"UScom","FLK",25585.0411404279
2002,2,"UScom","FLK",176771.159526004
2002,3,"UScom","FLK",91098.0817118473
2002,4,"UScom","FLK",29849.5372745317
2003,1,"UScom","FLK",14999.8611775627
2003,2,"UScom","FLK",96121.3137500495
2003,3,"UScom","FLK",222945.235410622
2003,4,"UScom","FLK",34285.9651862345
2004,1,"UScom","FLK",17645.6794942268
2004,2,"UScom","FLK",144199.373805286
2004,3,"UScom","FLK",170061.747786055
2004,4,"UScom","FLK",24621.6537862633
2005,1,"UScom","FLK",19886.8573486774
2005,2,"UScom","FLK",74489.3238999764
2005,3,"UScom","FLK",122659.565196953
2005,4,"UScom","FLK",22788.405492786
2006,1,"UScom","FLK",10331.424
2006,2,"UScom","FLK",115296.863217632
2006,3,"UScom","FLK",85253.7816217971
2006,4,"UScom","FLK",13367.0225631853
2007,1,"UScom","FLK",12967.6803114484
2007,2,"UScom","FLK",71031.8233361139
2007,3,"UScom","FLK",90602.3049543334
2007,4,"UScom","FLK",38709.2321507954
2008,1,"UScom","FLK",12319.5866265392
2008,2,"UScom","FLK",55096.6337226608
2008,3,"UScom","FLK",89075.968987389
2008,4,"UScom","FLK",34119.4921570289
2009,1,"UScom","FLK",13716.0202664278
2009,2,"UScom","FLK",99091.6437858767
2009,3,"UScom","FLK",82407.4106610076
2009,4,"UScom","FLK",20815.1422829419
2010,1,"UScom","FLK",7777.92753009418
2010,2,"UScom","FLK",64869.141867273
2010,3,"UScom","FLK",49675.2074170291
2010,4,"UScom","FLK",16527.7296865325
2011,1,"UScom","FLK",11544.7662399605
2011,2,"UScom","FLK",58006.2725839665
2011,3,"UScom","FLK",112103.727229794
2011,4,"UScom","FLK",74688.5085088841
2012,1,"UScom","FLK",20310.0797534752
2012,2,"UScom","FLK",28788.9226465337
2012,3,"UScom","FLK",39856.2324409655
2012,4,"UScom","FLK",28844.0225831726
2013,1,"UScom","FLK",22654.0555311221
2013,2,"UScom","FLK",68931.8887939262
2013,3,"UScom","FLK",49196.389533849
2013,4,"UScom","FLK",17589.1701383948
2014,1,"UScom","FLK",10857.268
2014,2,"UScom","FLK",38666.8119708807
2014,3,"UScom","FLK",120142.331565341
2014,4,"UScom","FLK",34093.9610372416
2015,1,"UScom","FLK",11009.4020208679
2015,2,"UScom","FLK",46365.4647547627
2015,3,"UScom","FLK",28714.385581283
2015,4,"UScom","FLK",421.65909451946
2016,1,"UScom","FLK",2568.54
2016,2,"UScom","FLK",44402.6678921623
2016,3,"UScom","FLK",13568.5187437564
2016,4,"UScom","FLK",5668.14149398523
2017,1,"UScom","FLK",2811.40502026555
2017,2,"UScom","FLK",21922.5220102224
2017,3,"UScom","FLK",61063.2840292204
2017,4,"UScom","FLK",15112.5114736533
2018,1,"UScom","FLK",3566.72468670702
2018,2,"UScom","FLK",22890.0168653785
2018,3,"UScom","FLK",28435.8951346937
2018,4,"UScom","FLK",22362.516381577
2019,1,"UScom","FLK",6904.55982709921
2019,2,"UScom","FLK",15217.0159493534
2019,3,"UScom","FLK",36023.2522780993
2019,4,"UScom","FLK",20010.3852352601
2020,1,"UScom","FLK",2830.9417366548
2020,2,"UScom","FLK",5007.42449090982
2020,3,"UScom","FLK",20313.7114905686
2020,4,"UScom","FLK",14191.8884619493
2021,1,"UScom","FLK",1981.056
2021,2,"UScom","FLK",8331.884
2021,3,"UScom","FLK",17015.9775975906
2021,4,"UScom","FLK",28740.966975739
2022,1,"UScom","FLK",2518.66818011257
2022,2,"UScom","FLK",9918.6267964653
2022,3,"UScom","FLK",11792.1422137332
2022,4,"UScom","FLK",12075.0446951954
1986,1,"UScom","NCFL",846.993404177354
1986,2,"UScom","NCFL",9726.87323536796
1986,3,"UScom","NCFL",40610.541925805
1986,4,"UScom","NCFL",23836.7917486742
1987,1,"UScom","NCFL",1302.56376772812
1987,2,"UScom","NCFL",19045.9896135474
1987,3,"UScom","NCFL",86268.9060224643
1987,4,"UScom","NCFL",23406.4371943797
1988,1,"UScom","NCFL",5292.78212693545
1988,2,"UScom","NCFL",23461.0128737566
1988,3,"UScom","NCFL",74574.5043854682
1988,4,"UScom","NCFL",12737.5693029306
1989,1,"UScom","NCFL",8129.69037137736
1989,2,"UScom","NCFL",70127.0199451789
1989,3,"UScom","NCFL",124757.537588027
1989,4,"UScom","NCFL",27060.6785424177
1990,1,"UScom","NCFL",8767.25898028552
1990,2,"UScom","NCFL",52847.0255448692
1990,3,"UScom","NCFL",116574.253233997
1990,4,"UScom","NCFL",33355.2161897976
1991,1,"UScom","NCFL",12045.2790967166
1991,2,"UScom","NCFL",131183.215935413
1991,3,"UScom","NCFL",91090.0020137859
1991,4,"UScom","NCFL",24756.4334103671
1992,1,"UScom","NCFL",5854.66845469894
1992,2,"UScom","NCFL",47303.1754994667
1992,3,"UScom","NCFL",90731.0071984448
1992,4,"UScom","NCFL",9476.23664594459
1993,1,"UScom","NCFL",4228.76507679531
1993,2,"UScom","NCFL",73661.0876081569
1993,3,"UScom","NCFL",186550.524670795
1993,4,"UScom","NCFL",18430.068804266
1994,1,"UScom","NCFL",5941.24203000781
1994,2,"UScom","NCFL",133014.540702153
1994,3,"UScom","NCFL",273215.078005511
1994,4,"UScom","NCFL",26468.3324829138
1995,1,"UScom","NCFL",11120.708960469
1995,2,"UScom","NCFL",563376.342465691
1995,3,"UScom","NCFL",363618.16904192
1995,4,"UScom","NCFL",14537.5776135878
1996,1,"UScom","NCFL",8435.6766616526
1996,2,"UScom","NCFL",108488.463503811
1996,3,"UScom","NCFL",110066.005931746
1996,4,"UScom","NCFL",10260.7318030064
1997,1,"UScom","NCFL",6085.11588547279
1997,2,"UScom","NCFL",167954.056375363
1997,3,"UScom","NCFL",93359.0694685082
1997,4,"UScom","NCFL",15587.0257061302
1998,1,"UScom","NCFL",6793.74879842607
1998,2,"UScom","NCFL",53003.9490489856
1998,3,"UScom","NCFL",37379.2444176481
1998,4,"UScom","NCFL",7794.93903648533
1999,1,"UScom","NCFL",3530.25211482159
1999,2,"UScom","NCFL",40188.5694668716
1999,3,"UScom","NCFL",48877.0744868291
1999,4,"UScom","NCFL",6955.97845591112
2000,1,"UScom","NCFL",6962.37286950557
2000,2,"UScom","NCFL",82994.9828493427
2000,3,"UScom","NCFL",37558.8399080291
2000,4,"UScom","NCFL",8109.87131970282
2001,1,"UScom","NCFL",4245.62367412275
2001,2,"UScom","NCFL",38833.9670485774
2001,3,"UScom","NCFL",38506.752884569
2001,4,"UScom","NCFL",16652.4185931897
2002,1,"UScom","NCFL",9277.27942246331
2002,2,"UScom","NCFL",45564.5406846152
2002,3,"UScom","NCFL",42694.8260482832
2002,4,"UScom","NCFL",11230.2319705623
2003,1,"UScom","NCFL",5027.17074733453
2003,2,"UScom","NCFL",58848.6025386503
2003,3,"UScom","NCFL",30072.3207105583
2003,4,"UScom","NCFL",10021.951149862
2004,1,"UScom","NCFL",13294.7319485318
2004,2,"UScom","NCFL",166879.249105826
2004,3,"UScom","NCFL",44048.0778483864
2004,4,"UScom","NCFL",3693.68845686513
2005,1,"UScom","NCFL",4406.18009111803
2005,2,"UScom","NCFL",55023.7687894053
2005,3,"UScom","NCFL",43061.6148448293
2005,4,"UScom","NCFL",7249.70870221428
2006,1,"UScom","NCFL",4656.456
2006,2,"UScom","NCFL",126875.908935505
2006,3,"UScom","NCFL",117762.772273765
2006,4,"UScom","NCFL",6158.1362337353
2007,1,"UScom","NCFL",8722.98193183413
2007,2,"UScom","NCFL",159513.137389402
2007,3,"UScom","NCFL",186172.740950416
2007,4,"UScom","NCFL",7521.71571916309
2008,1,"UScom","NCFL",14771.7171616445
2008,2,"UScom","NCFL",178364.82261385
2008,3,"UScom","NCFL",105841.336211459
2008,4,"UScom","NCFL",19145.4579323535
2009,1,"UScom","NCFL",11251.7118601507
2009,2,"UScom","NCFL",254959.136776986
2009,3,"UScom","NCFL",82005.5845514345
2009,4,"UScom","NCFL",16194.0412063299
2010,1,"UScom","NCFL",6045.92179752349
2010,2,"UScom","NCFL",195909.565446953
2010,3,"UScom","NCFL",96114.8938236906
2010,4,"UScom","NCFL",14827.0096822423
2011,1,"UScom","NCFL",6610.36747785369
2011,2,"UScom","NCFL",307596.741029298
2011,3,"UScom","NCFL",91763.464373178
2011,4,"UScom","NCFL",23111.5330367551
2012,1,"UScom","NCFL",41193.0753544915
2012,2,"UScom","NCFL",358593.897556976
2012,3,"UScom","NCFL",66630.9735592428
2012,4,"UScom","NCFL",18097.0685274169
2013,1,"UScom","NCFL",15466.4633538337
2013,2,"UScom","NCFL",272017.61313449
2013,3,"UScom","NCFL",115840.642672976
2013,4,"UScom","NCFL",10886.3192954094
2014,1,"UScom","NCFL",24462.504
2014,2,"UScom","NCFL",487244.537244146
2014,3,"UScom","NCFL",103846.894912728
2014,4,"UScom","NCFL",21322.6259928975
2015,1,"UScom","NCFL",31485.2772808025
2015,2,"UScom","NCFL",578457.487365398
2015,3,"UScom","NCFL",76508.7153973848
2015,4,"UScom","NCFL",233.418427323272
2016,1,"UScom","NCFL",4950.612
2016,2,"UScom","NCFL",402046.915649138
2016,3,"UScom","NCFL",65991.2621583503
2016,4,"UScom","NCFL",5288.30891301615
2017,1,"UScom","NCFL",6457.53412206177
2017,2,"UScom","NCFL",290063.560639077
2017,3,"UScom","NCFL",27898.9178149722
2017,4,"UScom","NCFL",5347.1271101102
2018,1,"UScom","NCFL",6618.18939297994
2018,2,"UScom","NCFL",232415.688493307
2018,3,"UScom","NCFL",25124.6569557249
2018,4,"UScom","NCFL",12636.6717126254
2019,1,"UScom","NCFL",28665.8698763426
2019,2,"UScom","NCFL",260911.992107851
2019,3,"UScom","NCFL",52835.2077312815
2019,4,"UScom","NCFL",5451.98798090903
2020,1,"UScom","NCFL",3488.5840569395
2020,2,"UScom","NCFL",178429.972361799
2020,3,"UScom","NCFL",23150.6315874951
2020,4,"UScom","NCFL",4089.13179485477
2021,1,"UScom","NCFL",1970.4
2021,2,"UScom","NCFL",130934.959431568
2021,3,"UScom","NCFL",10664.2965636345
2021,4,"UScom","NCFL",6571.77969084412
2022,1,"UScom","NCFL",2859.62363977486
2022,2,"UScom","NCFL",136829.830436544
2022,3,"UScom","NCFL",9148.21687770859
2022,4,"UScom","NCFL",4663.55059117309
1986,1,"UScom","NNC",1142.22735857034
1986,2,"UScom","NNC",76.7241379310345
1986,3,"UScom","NNC",0
1986,4,"UScom","NNC",0
1987,1,"UScom","NNC",3927.93246892257
1987,2,"UScom","NNC",109.792792792793
1987,3,"UScom","NNC",0
1987,4,"UScom","NNC",0
1988,1,"UScom","NNC",5864.85896957824
1988,2,"UScom","NNC",0
1988,3,"UScom","NNC",0
1988,4,"UScom","NNC",0
1989,1,"UScom","NNC",17655.362822108
1989,2,"UScom","NNC",0
1989,3,"UScom","NNC",0
1989,4,"UScom","NNC",0
1990,1,"UScom","NNC",418.895132562882
1990,2,"UScom","NNC",9087.36722894898
1990,3,"UScom","NNC",5357.46906920147
1990,4,"UScom","NNC",3147.48850381478
1991,1,"UScom","NNC",739.475927174646
1991,2,"UScom","NNC",17091.9028876135
1991,3,"UScom","NNC",10655.993617974
1991,4,"UScom","NNC",604.621049944923
1992,1,"UScom","NNC",1474.435503611
1992,2,"UScom","NNC",10979.8932015334
1992,3,"UScom","NNC",5836.68282954916
1992,4,"UScom","NNC",1530.77106095571
1993,1,"UScom","NNC",924.539863130881
1993,2,"UScom","NNC",11627.6466872235
1993,3,"UScom","NNC",9599.86529253117
1993,4,"UScom","NNC",361.743564147627
1994,1,"UScom","NNC",405.635784293954
1994,2,"UScom","NNC",11667.570793404
1994,3,"UScom","NNC",3717.85316285053
1994,4,"UScom","NNC",57.6674953885636
1995,1,"UScom","NNC",0
1995,2,"UScom","NNC",36213.6927011424
1995,3,"UScom","NNC",16317.5270775871
1995,4,"UScom","NNC",6756.227577056
1996,1,"UScom","NNC",243.304192746003
1996,2,"UScom","NNC",34435.4333266808
1996,3,"UScom","NNC",71274.5498647061
1996,4,"UScom","NNC",6904.73971231866
1997,1,"UScom","NNC",795.314555760045
1997,2,"UScom","NNC",121632.155741606
1997,3,"UScom","NNC",212732.223076705
1997,4,"UScom","NNC",9168.0016139169
1998,1,"UScom","NNC",732.118627056546
1998,2,"UScom","NNC",33292.8556192014
1998,3,"UScom","NNC",157838.95583596
1998,4,"UScom","NNC",11438.9865386591
1999,1,"UScom","NNC",1143.36977464753
1999,2,"UScom","NNC",92094.9137836863
1999,3,"UScom","NNC",202813.387433638
1999,4,"UScom","NNC",4828.59740533232
2000,1,"UScom","NNC",269.272771116875
2000,2,"UScom","NNC",111799.792648121
2000,3,"UScom","NNC",153401.89703448
2000,4,"UScom","NNC",4407.1813263493
2001,1,"UScom","NNC",1219.37594325196
2001,2,"UScom","NNC",39386.9478933218
2001,3,"UScom","NNC",187620.08110156
2001,4,"UScom","NNC",6527.19603962088
2002,1,"UScom","NNC",1852.33651858997
2002,2,"UScom","NNC",89187.0412776357
2002,3,"UScom","NNC",148708.411418865
2002,4,"UScom","NNC",11414.0305549384
2003,1,"UScom","NNC",3183.96692267569
2003,2,"UScom","NNC",122661.013655727
2003,3,"UScom","NNC",138962.182138459
2003,4,"UScom","NNC",4493.69660176826
2004,1,"UScom","NNC",3364.52519760048
2004,2,"UScom","NNC",204005.565733006
2004,3,"UScom","NNC",144352.794506375
2004,4,"UScom","NNC",4307.63577746717
2005,1,"UScom","NNC",777.752763609174
2005,2,"UScom","NNC",82775.2193106182
2005,3,"UScom","NNC",92666.3963815185
2005,4,"UScom","NNC",7563.84164309406
2006,1,"UScom","NNC",517.2
2006,2,"UScom","NNC",46206.1038468631
2006,3,"UScom","NNC",152154.164417616
2006,4,"UScom","NNC",7095.87098677107
2007,1,"UScom","NNC",817.237756717506
2007,2,"UScom","NNC",256800.207274484
2007,3,"UScom","NNC",225241.395225949
2007,4,"UScom","NNC",5616.76460605992
2008,1,"UScom","NNC",633.196211816242
2008,2,"UScom","NNC",145410.696208182
2008,3,"UScom","NNC",209080.836358379
2008,4,"UScom","NNC",9953.04127367816
2009,1,"UScom","NNC",1690.78787342148
2009,2,"UScom","NNC",329037.375437137
2009,3,"UScom","NNC",472268.652795317
2009,4,"UScom","NNC",5131.50553423837
2010,1,"UScom","NNC",714.386672382334
2010,2,"UScom","NNC",116166.872685774
2010,3,"UScom","NNC",172851.627642064
2010,4,"UScom","NNC",5907.54875621008
2011,1,"UScom","NNC",1051.00228218578
2011,2,"UScom","NNC",55998.2963867351
2011,3,"UScom","NNC",49940.8977385649
2011,4,"UScom","NNC",4878.88845436079
2012,1,"UScom","NNC",5291.73689203328
2012,2,"UScom","NNC",230662.321796491
2012,3,"UScom","NNC",80553.264633449
2012,4,"UScom","NNC",5493.61688941047
2013,1,"UScom","NNC",5335.60511504414
2013,2,"UScom","NNC",99050.4052125813
2013,3,"UScom","NNC",114950.69352452
2013,4,"UScom","NNC",8967.62639191138
2014,1,"UScom","NNC",10621.44
2014,2,"UScom","NNC",318460.220459271
2014,3,"UScom","NNC",197693.969913027
2014,4,"UScom","NNC",6567.99877076343
2015,1,"UScom","NNC",8339.95832132195
2015,2,"UScom","NNC",246412.772017708
2015,3,"UScom","NNC",160549.790407033
2015,4,"UScom","NNC",360.389197776013
2016,1,"UScom","NNC",3382.8
2016,2,"UScom","NNC",308845.731314187
2016,3,"UScom","NNC",136928.947743611
2016,4,"UScom","NNC",7684.76939227215
2017,1,"UScom","NNC",2093.98758938
2017,2,"UScom","NNC",172650.133970881
2017,3,"UScom","NNC",67459.6625689014
2017,4,"UScom","NNC",9697.36014883245
2018,1,"UScom","NNC",1674.14055959566
2018,2,"UScom","NNC",112806.856641314
2018,3,"UScom","NNC",60414.6879840282
2018,4,"UScom","NNC",13097.0840558088
2019,1,"UScom","NNC",494.642296558238
2019,2,"UScom","NNC",210857.899942796
2019,3,"UScom","NNC",78916.429565487
2019,4,"UScom","NNC",12780.2607838309
2020,1,"UScom","NNC",137.182206405694
2020,2,"UScom","NNC",42514.5631472917
2020,3,"UScom","NNC",22117.2377158861
2020,4,"UScom","NNC",1696.39710114631
2021,1,"UScom","NNC",314.64
2021,2,"UScom","NNC",12854.3805684324
2021,3,"UScom","NNC",21534.5250682665
2021,4,"UScom","NNC",3952.26771420846
2022,1,"UScom","NNC",184.92818011257
2022,2,"UScom","NNC",18559.3767669907
2022,3,"UScom","NNC",17453.7048264274
2022,4,"UScom","NNC",2730.68480331001
1986,1,"UScom","VBM",4688.90943428137
1986,2,"UScom","VBM",322.241379310345
1986,3,"UScom","VBM",0
1986,4,"UScom","VBM",0
1987,1,"UScom","VBM",14984.8288612645
1987,2,"UScom","VBM",1599.83783783784
1987,3,"UScom","VBM",0
1987,4,"UScom","VBM",0
1988,1,"UScom","VBM",47887.3241467881
1988,2,"UScom","VBM",0
1988,3,"UScom","VBM",0
1988,4,"UScom","VBM",0
1989,1,"UScom","VBM",96598.8404325827
1989,2,"UScom","VBM",0
1989,3,"UScom","VBM",0
1989,4,"UScom","VBM",0
1990,1,"UScom","VBM",1513.64013596193
1990,2,"UScom","VBM",18685.8177699902
1990,3,"UScom","VBM",29531.0827466163
1990,4,"UScom","VBM",56928.5060493973
1991,1,"UScom","VBM",1462.04579265815
1991,2,"UScom","VBM",24392.0850196575
1991,3,"UScom","VBM",52979.9762301803
1991,4,"UScom","VBM",33856.2452804429
1992,1,"UScom","VBM",2215.85961225885
1992,2,"UScom","VBM",9493.85228126073
1992,3,"UScom","VBM",64177.1933127497
1992,4,"UScom","VBM",27715.9538573662
1993,1,"UScom","VBM",5660.08349908253
1993,2,"UScom","VBM",2159.09749838175
1993,3,"UScom","VBM",94052.9021171282
1993,4,"UScom","VBM",69275.86147293
1994,1,"UScom","VBM",0
1994,2,"UScom","VBM",362.664291912046
1994,3,"UScom","VBM",27715.9723839635
1994,4,"UScom","VBM",3210.81530073991
1995,1,"UScom","VBM",1063.98552290198
1995,2,"UScom","VBM",26354.2054407194
1995,3,"UScom","VBM",41042.8532503572
1995,4,"UScom","VBM",6114.25873551688
1996,1,"UScom","VBM",0
1996,2,"UScom","VBM",1606.9976542678
1996,3,"UScom","VBM",18454.3025920657
1996,4,"UScom","VBM",2308.98445595855
1997,1,"UScom","VBM",0
1997,2,"UScom","VBM",385.872888934338
1997,3,"UScom","VBM",67132.7526334596
1997,4,"UScom","VBM",8976.57776638629
1998,1,"UScom","VBM",0
1998,2,"UScom","VBM",116.063913612723
1998,3,"UScom","VBM",25190.293311188
1998,4,"UScom","VBM",20685.8196207358
1999,1,"UScom","VBM",0
1999,2,"UScom","VBM",0
1999,3,"UScom","VBM",43096.0210781396
1999,4,"UScom","VBM",4881.55404232999
2000,1,"UScom","VBM",0
2000,2,"UScom","VBM",0
2000,3,"UScom","VBM",2637.05563550016
2000,4,"UScom","VBM",1667.7677667721
2001,1,"UScom","VBM",0
2001,2,"UScom","VBM",0
2001,3,"UScom","VBM",15041.2698323555
2001,4,"UScom","VBM",3039.10933783587
2002,1,"UScom","VBM",0
2002,2,"UScom","VBM",6764.01707519802
2002,3,"UScom","VBM",33319.1108210041
2002,4,"UScom","VBM",1298.1400189476
2003,1,"UScom","VBM",0
2003,2,"UScom","VBM",1328.57155147593
2003,3,"UScom","VBM",414.352254282037
2003,4,"UScom","VBM",1157.04274860467
2004,1,"UScom","VBM",0
2004,2,"UScom","VBM",0
2004,3,"UScom","VBM",490.961181399298
2004,4,"UScom","VBM",928.605979404353
2005,1,"UScom","VBM",0
2005,2,"UScom","VBM",0
2005,3,"UScom","VBM",1007.75157669954
2005,4,"UScom","VBM",424.392161905709
2006,1,"UScom","VBM",0
2006,2,"UScom","VBM",0
2006,3,"UScom","VBM",1002.54568682171
2006,4,"UScom","VBM",718.206216308354
2007,1,"UScom","VBM",0
2007,2,"UScom","VBM",0
2007,3,"UScom","VBM",29.2068693014863
2007,4,"UScom","VBM",7.47152398154856
2008,1,"UScom","VBM",0
2008,2,"UScom","VBM",0
2008,3,"UScom","VBM",466.030442773126
2008,4,"UScom","VBM",78.2086369394963
2009,1,"UScom","VBM",0
2009,2,"UScom","VBM",0
2009,3,"UScom","VBM",371.223992241173
2009,4,"UScom","VBM",69.7189764897958
2010,1,"UScom","VBM",0
2010,2,"UScom","VBM",0
2010,3,"UScom","VBM",461.63111721589
2010,4,"UScom","VBM",576.939875015118
2011,1,"UScom","VBM",0
2011,2,"UScom","VBM",0
2011,3,"UScom","VBM",309.262138053878
2011,4,"UScom","VBM",0
2012,1,"UScom","VBM",0
2012,2,"UScom","VBM",0
2012,3,"UScom","VBM",58.2181360723215
2012,4,"UScom","VBM",0
2013,1,"UScom","VBM",0
2013,2,"UScom","VBM",0
2013,3,"UScom","VBM",442.260268654644
2013,4,"UScom","VBM",1568.87613016672
2014,1,"UScom","VBM",0
2014,2,"UScom","VBM",0
2014,3,"UScom","VBM",492.91160890421
2014,4,"UScom","VBM",16.690199097509
2015,1,"UScom","VBM",0
2015,2,"UScom","VBM",17.0038621316588
2015,3,"UScom","VBM",427.856614299335
2015,4,"UScom","VBM",135.533280381255
2016,1,"UScom","VBM",0
2016,2,"UScom","VBM",0
2016,3,"UScom","VBM",361.669512109536
2016,4,"UScom","VBM",113.844923578981
2017,1,"UScom","VBM",0
2017,2,"UScom","VBM",0
2017,3,"UScom","VBM",952.575144264768
2017,4,"UScom","VBM",344.481267404089
2018,1,"UScom","VBM",204.529360717385
2018,2,"UScom","VBM",0
2018,3,"UScom","VBM",396.41192555318
2018,4,"UScom","VBM",239.795849988814
2019,1,"UScom","VBM",0
2019,2,"UScom","VBM",0
2019,3,"UScom","VBM",93.2664251321471
2019,4,"UScom","VBM",0
2020,1,"UScom","VBM",0
2020,2,"UScom","VBM",0
2020,3,"UScom","VBM",215.095206050191
2020,4,"UScom","VBM",318.58264204966
2021,1,"UScom","VBM",0
2021,2,"UScom","VBM",0
2021,3,"UScom","VBM",584.444770508371
2021,4,"UScom","VBM",81.4416192083783
2022,1,"UScom","VBM",0
2022,2,"UScom","VBM",0
2022,3,"UScom","VBM",579.498082130837
2022,4,"UScom","VBM",324.271910321477
1986,1,"UScom","NED",120
1986,2,"UScom","NED",15.3448275862069
1986,3,"UScom","NED",0
1986,4,"UScom","NED",0
1987,1,"UScom","NED",120
1987,2,"UScom","NED",15.6846846846847
1987,3,"UScom","NED",0
1987,4,"UScom","NED",0
1988,1,"UScom","NED",995.862600459722
1988,2,"UScom","NED",0
1988,3,"UScom","NED",0
1988,4,"UScom","NED",0
1989,1,"UScom","NED",3683.38853628813
1989,2,"UScom","NED",0
1989,3,"UScom","NED",0
1989,4,"UScom","NED",0
1990,1,"UScom","NED",0
1990,2,"UScom","NED",0
1990,3,"UScom","NED",2518.38515034577
1990,4,"UScom","NED",439.230899933584
1991,1,"UScom","NED",0
1991,2,"UScom","NED",2132.2571919201
1991,3,"UScom","NED",13662.3291391017
1991,4,"UScom","NED",415.41381831531
1992,1,"UScom","NED",0
1992,2,"UScom","NED",0
1992,3,"UScom","NED",6227.14863297097
1992,4,"UScom","NED",0
1993,1,"UScom","NED",0
1993,2,"UScom","NED",0
1993,3,"UScom","NED",1649.81782163953
1993,4,"UScom","NED",13.3484710017575
1994,1,"UScom","NED",91.2680514661396
1994,2,"UScom","NED",0
1994,3,"UScom","NED",2995.88072519084
1994,4,"UScom","NED",0
1995,1,"UScom","NED",0
1995,2,"UScom","NED",0
1995,3,"UScom","NED",0
1995,4,"UScom","NED",0
1996,1,"UScom","NED",0
1996,2,"UScom","NED",0
1996,3,"UScom","NED",0
1996,4,"UScom","NED",0
1997,1,"UScom","NED",0
1997,2,"UScom","NED",0
1997,3,"UScom","NED",0
1997,4,"UScom","NED",0
1998,1,"UScom","NED",0
1998,2,"UScom","NED",0
1998,3,"UScom","NED",0
1998,4,"UScom","NED",0
1999,1,"UScom","NED",0
1999,2,"UScom","NED",0
1999,3,"UScom","NED",988.853167055858
1999,4,"UScom","NED",0
2000,1,"UScom","NED",0
2000,2,"UScom","NED",0
2000,3,"UScom","NED",0
2000,4,"UScom","NED",0
2001,1,"UScom","NED",0
2001,2,"UScom","NED",0
2001,3,"UScom","NED",0
2001,4,"UScom","NED",0
2002,1,"UScom","NED",0
2002,2,"UScom","NED",0
2002,3,"UScom","NED",0
2002,4,"UScom","NED",0
2003,1,"UScom","NED",0
2003,2,"UScom","NED",0
2003,3,"UScom","NED",0
2003,4,"UScom","NED",0
2004,1,"UScom","NED",0
2004,2,"UScom","NED",0
2004,3,"UScom","NED",193.25067778483
2004,4,"UScom","NED",0
2005,1,"UScom","NED",0
2005,2,"UScom","NED",0
2005,3,"UScom","NED",0
2005,4,"UScom","NED",0
2006,1,"UScom","NED",0
2006,2,"UScom","NED",0
2006,3,"UScom","NED",0
2006,4,"UScom","NED",0
2007,1,"UScom","NED",0
2007,2,"UScom","NED",0
2007,3,"UScom","NED",0
2007,4,"UScom","NED",0
2008,1,"UScom","NED",0
2008,2,"UScom","NED",0
2008,3,"UScom","NED",0
2008,4,"UScom","NED",0
2009,1,"UScom","NED",0
2009,2,"UScom","NED",0
2009,3,"UScom","NED",0
2009,4,"UScom","NED",0
2010,1,"UScom","NED",0
2010,2,"UScom","NED",0
2010,3,"UScom","NED",0
2010,4,"UScom","NED",0
2011,1,"UScom","NED",0
2011,2,"UScom","NED",0
2011,3,"UScom","NED",0
2011,4,"UScom","NED",0
2012,1,"UScom","NED",0
2012,2,"UScom","NED",0
2012,3,"UScom","NED",0
2012,4,"UScom","NED",0
2013,1,"UScom","NED",0
2013,2,"UScom","NED",0
2013,3,"UScom","NED",0
2013,4,"UScom","NED",0
2014,1,"UScom","NED",0
2014,2,"UScom","NED",0
2014,3,"UScom","NED",0
2014,4,"UScom","NED",0
2015,1,"UScom","NED",0
2015,2,"UScom","NED",0
2015,3,"UScom","NED",0
2015,4,"UScom","NED",0
2016,1,"UScom","NED",0
2016,2,"UScom","NED",0
2016,3,"UScom","NED",0
2016,4,"UScom","NED",0
2017,1,"UScom","NED",0
2017,2,"UScom","NED",0
2017,3,"UScom","NED",0
2017,4,"UScom","NED",0
2018,1,"UScom","NED",0
2018,2,"UScom","NED",0
2018,3,"UScom","NED",0
2018,4,"UScom","NED",0
2019,1,"UScom","NED",0
2019,2,"UScom","NED",0
2019,3,"UScom","NED",0
2019,4,"UScom","NED",0
2020,1,"UScom","NED",0
2020,2,"UScom","NED",0
2020,3,"UScom","NED",0
2020,4,"UScom","NED",0
2021,1,"UScom","NED",0
2021,2,"UScom","NED",0
2021,3,"UScom","NED",0
2021,4,"UScom","NED",0
2022,1,"UScom","NED",0
2022,2,"UScom","NED",0
2022,3,"UScom","NED",0
2022,4,"UScom","NED",0
1986,1,"Hire","FLK",40545.40970375
1986,2,"Hire","FLK",501184.6052389
1986,3,"Hire","FLK",802470.3114346
1986,4,"Hire","FLK",151159.60845
1987,1,"Hire","FLK",241482.8914611
1987,2,"Hire","FLK",978771.9854825
1987,3,"Hire","FLK",608752.1980312
1987,4,"Hire","FLK",24918.89431605
1988,1,"Hire","FLK",51123.48709725
1988,2,"Hire","FLK",523633.61235525
1988,3,"Hire","FLK",27969.67087605
1988,4,"Hire","FLK",196057.36656425
1989,1,"Hire","FLK",252492.06914895
1989,2,"Hire","FLK",1898385.354699
1989,3,"Hire","FLK",591836.531389
1989,4,"Hire","FLK",396205.5550979
1990,1,"Hire","FLK",367392.0956826
1990,2,"Hire","FLK",573516.7621833
1990,3,"Hire","FLK",167285.4058905
1990,4,"Hire","FLK",54816.022115275
1991,1,"Hire","FLK",120005.086124145
1991,2,"Hire","FLK",2463709.1070196
1991,3,"Hire","FLK",1530429.2634646
1991,4,"Hire","FLK",132958.254238
1992,1,"Hire","FLK",511312.9438199
1992,2,"Hire","FLK",808324.125253
1992,3,"Hire","FLK",968873.801176
1992,4,"Hire","FLK",156669.7294074
1993,1,"Hire","FLK",233324.1706105
1993,2,"Hire","FLK",519793.8507828
1993,3,"Hire","FLK",669205.5763641
1993,4,"Hire","FLK",37344.84354485
1994,1,"Hire","FLK",89811.45381835
1994,2,"Hire","FLK",593454.25446535
1994,3,"Hire","FLK",140622.1022504
1994,4,"Hire","FLK",298464.884108353
1995,1,"Hire","FLK",139005.50341875
1995,2,"Hire","FLK",1039095.291507
1995,3,"Hire","FLK",1461029.037228
1995,4,"Hire","FLK",202795.06095425
1996,1,"Hire","FLK",77739.56172805
1996,2,"Hire","FLK",1352282.1027021
1996,3,"Hire","FLK",1439913.756409
1996,4,"Hire","FLK",43364.6178022
1997,1,"Hire","FLK",38747.07302302
1997,2,"Hire","FLK",1629481.4584485
1997,3,"Hire","FLK",1514417.91862899
1997,4,"Hire","FLK",84286.24573715
1998,1,"Hire","FLK",99094.38168145
1998,2,"Hire","FLK",671336.2635152
1998,3,"Hire","FLK",656350.2950641
1998,4,"Hire","FLK",90083.974188875
1999,1,"Hire","FLK",138747.878221375
1999,2,"Hire","FLK",449729.2498515
1999,3,"Hire","FLK",506333.5340786
1999,4,"Hire","FLK",126835.858072075
2000,1,"Hire","FLK",83155.900321275
2000,2,"Hire","FLK",726519.1968505
2000,3,"Hire","FLK",430859.8328302
2000,4,"Hire","FLK",250268.52470185
2001,1,"Hire","FLK",246074.50424615
2001,2,"Hire","FLK",1233225.612256
2001,3,"Hire","FLK",717020.81191
2001,4,"Hire","FLK",135349.53805565
2002,1,"Hire","FLK",125003.12412915
2002,2,"Hire","FLK",704266.5655169
2002,3,"Hire","FLK",821498.92067015
2002,4,"Hire","FLK",214494.3754464
2003,1,"Hire","FLK",117321.85484232
2003,2,"Hire","FLK",603789.3131097
2003,3,"Hire","FLK",459229.1016984
2003,4,"Hire","FLK",130618.55537518
2004,1,"Hire","FLK",166555.4143623
2004,2,"Hire","FLK",653724.88527765
2004,3,"Hire","FLK",653926.21006755
2004,4,"Hire","FLK",69916.29262783
2005,1,"Hire","FLK",86171.53535653
2005,2,"Hire","FLK",382356.90052425
2005,3,"Hire","FLK",363480.82080765
2005,4,"Hire","FLK",42818.86226045
2006,1,"Hire","FLK",62469.35467685
2006,2,"Hire","FLK",294535.67194305
2006,3,"Hire","FLK",294775.00932075
2006,4,"Hire","FLK",47416.34543235
2007,1,"Hire","FLK",34335.60495542
2007,2,"Hire","FLK",329146.16641891
2007,3,"Hire","FLK",304761.431481
2007,4,"Hire","FLK",48542.9160542
2008,1,"Hire","FLK",82137.7010311
2008,2,"Hire","FLK",314521.53025196
2008,3,"Hire","FLK",280460.56730035
2008,4,"Hire","FLK",47151.73911685
2009,1,"Hire","FLK",173135.18467615
2009,2,"Hire","FLK",403219.76107479
2009,3,"Hire","FLK",392618.49777265
2009,4,"Hire","FLK",53270.0288009
2010,1,"Hire","FLK",36159.585359
2010,2,"Hire","FLK",268780.94918123
2010,3,"Hire","FLK",219366.65063613
2010,4,"Hire","FLK",33211.94235677
2011,1,"Hire","FLK",22451.8724419
2011,2,"Hire","FLK",351610.3155254
2011,3,"Hire","FLK",284314.282535
2011,4,"Hire","FLK",83166.5480389
2012,1,"Hire","FLK",80490.7980542
2012,2,"Hire","FLK",341958.3777552
2012,3,"Hire","FLK",349972.4152535
2012,4,"Hire","FLK",97029.86698268
2013,1,"Hire","FLK",70752.56293198
2013,2,"Hire","FLK",334605.1623757
2013,3,"Hire","FLK",151239.695893
2013,4,"Hire","FLK",59905.9349671
2014,1,"Hire","FLK",38646.7187483
2014,2,"Hire","FLK",478345.08543304
2014,3,"Hire","FLK",306355.51923414
2014,4,"Hire","FLK",79515.32876415
2015,1,"Hire","FLK",112696.21839721
2015,2,"Hire","FLK",672219.1800744
2015,3,"Hire","FLK",733489.8479918
2015,4,"Hire","FLK",169406.1013045
2016,1,"Hire","FLK",134436.5028555
2016,2,"Hire","FLK",241787.28200716
2016,3,"Hire","FLK",503340.71029306
2016,4,"Hire","FLK",17433.53511544
2017,1,"Hire","FLK",11702.29464774
2017,2,"Hire","FLK",611798.0105516
2017,3,"Hire","FLK",566077.425727
2017,4,"Hire","FLK",35883.38195405
2018,1,"Hire","FLK",23290.70286317
2018,2,"Hire","FLK",165307.1853358
2018,3,"Hire","FLK",136117.3859468
2018,4,"Hire","FLK",80561.490896295
2019,1,"Hire","FLK",28326.716965595
2019,2,"Hire","FLK",426970.113099
2019,3,"Hire","FLK",374549.29120895
2019,4,"Hire","FLK",416019.77626965
2020,1,"Hire","FLK",24205.22328205
2020,2,"Hire","FLK",509618.8019027
2020,3,"Hire","FLK",78686.68304368
2020,4,"Hire","FLK",309680.1564816
2021,1,"Hire","FLK",27951.2198735
2021,2,"Hire","FLK",501187.28233505
2021,3,"Hire","FLK",201681.17561485
2021,4,"Hire","FLK",513213.5187507
2022,1,"Hire","FLK",26390.86069203
2022,2,"Hire","FLK",300990.3304031
2022,3,"Hire","FLK",245996.4541496
2022,4,"Hire","FLK",58800.12493405
1986,1,"Hire","NCFL",336.080011148793
1986,2,"Hire","NCFL",28003.4949600136
1986,3,"Hire","NCFL",23703.1179623887
1986,4,"Hire","NCFL",11438.3387395204
1987,1,"Hire","NCFL",410.387568830972
1987,2,"Hire","NCFL",30735.9814075379
1987,3,"Hire","NCFL",24992.0208294593
1987,4,"Hire","NCFL",5105.76374165536
1988,1,"Hire","NCFL",347.493066752381
1988,2,"Hire","NCFL",34934.7876769059
1988,3,"Hire","NCFL",16860.7779787943
1988,4,"Hire","NCFL",10184.9965411768
1989,1,"Hire","NCFL",472.955225893129
1989,2,"Hire","NCFL",178013.123952603
1989,3,"Hire","NCFL",210971.062431287
1989,4,"Hire","NCFL",15563.6805544997
1990,1,"Hire","NCFL",782.412098200684
1990,2,"Hire","NCFL",147658.254868329
1990,3,"Hire","NCFL",115480.25183054
1990,4,"Hire","NCFL",13850.2088845106
1991,1,"Hire","NCFL",648.051597877127
1991,2,"Hire","NCFL",111893.350011549
1991,3,"Hire","NCFL",96797.6773328444
1991,4,"Hire","NCFL",10546.2752959259
1992,1,"Hire","NCFL",6204.02533669943
1992,2,"Hire","NCFL",112571.651669749
1992,3,"Hire","NCFL",68416.8133962072
1992,4,"Hire","NCFL",7686.78254851448
1993,1,"Hire","NCFL",860.399171017747
1993,2,"Hire","NCFL",268944.229386085
1993,3,"Hire","NCFL",120158.213327014
1993,4,"Hire","NCFL",1839.58852881972
1994,1,"Hire","NCFL",240.088044565333
1994,2,"Hire","NCFL",207710.680923125
1994,3,"Hire","NCFL",211341.137759102
1994,4,"Hire","NCFL",18348.4239391709
1995,1,"Hire","NCFL",339.489651303156
1995,2,"Hire","NCFL",389658.530537143
1995,3,"Hire","NCFL",272612.742988708
1995,4,"Hire","NCFL",4841.13629442992
1996,1,"Hire","NCFL",8213.61266597888
1996,2,"Hire","NCFL",177884.9419914
1996,3,"Hire","NCFL",101592.886758517
1996,4,"Hire","NCFL",21409.0312752901
1997,1,"Hire","NCFL",3872.52335392561
1997,2,"Hire","NCFL",272087.62956013
1997,3,"Hire","NCFL",149399.90640045
1997,4,"Hire","NCFL",39876.87718173
1998,1,"Hire","NCFL",3176.530979
1998,2,"Hire","NCFL",136744.265812235
1998,3,"Hire","NCFL",105719.968213435
1998,4,"Hire","NCFL",6394.76921355
1999,1,"Hire","NCFL",16177.86751515
1999,2,"Hire","NCFL",231545.9075945
1999,3,"Hire","NCFL",185557.2851264
1999,4,"Hire","NCFL",24273.8519184175
2000,1,"Hire","NCFL",9786.4025321175
2000,2,"Hire","NCFL",220955.915619
2000,3,"Hire","NCFL",100410.92606766
2000,4,"Hire","NCFL",36916.9468245565
2001,1,"Hire","NCFL",14442.8854407565
2001,2,"Hire","NCFL",709993.7863702
2001,3,"Hire","NCFL",332357.609856691
2001,4,"Hire","NCFL",36697.15139727
2002,1,"Hire","NCFL",3452.58183699
2002,2,"Hire","NCFL",1067933.08075535
2002,3,"Hire","NCFL",887693.73995105
2002,4,"Hire","NCFL",35282.556775175
2003,1,"Hire","NCFL",3840.700457275
2003,2,"Hire","NCFL",531861.45758411
2003,3,"Hire","NCFL",404837.02098287
2003,4,"Hire","NCFL",15385.31617385
2004,1,"Hire","NCFL",4478.34397855
2004,2,"Hire","NCFL",229784.1828939
2004,3,"Hire","NCFL",521351.417325
2004,4,"Hire","NCFL",16440.82275473
2005,1,"Hire","NCFL",6818.6924717
2005,2,"Hire","NCFL",429518.91101145
2005,3,"Hire","NCFL",292372.36664158
2005,4,"Hire","NCFL",7924.776817515
2006,1,"Hire","NCFL",2665.228320695
2006,2,"Hire","NCFL",199646.727026765
2006,3,"Hire","NCFL",107771.629698755
2006,4,"Hire","NCFL",174475.82335315
2007,1,"Hire","NCFL",2214.669272748
2007,2,"Hire","NCFL",266827.494682055
2007,3,"Hire","NCFL",232507.939096046
2007,4,"Hire","NCFL",3984.22698971085
2008,1,"Hire","NCFL",3435.10277011225
2008,2,"Hire","NCFL",563053.179497252
2008,3,"Hire","NCFL",629622.006181045
2008,4,"Hire","NCFL",27971.7629534505
2009,1,"Hire","NCFL",15535.53778847
2009,2,"Hire","NCFL",243736.963076377
2009,3,"Hire","NCFL",204896.680893345
2009,4,"Hire","NCFL",5340.979555674
2010,1,"Hire","NCFL",3657.414029104
2010,2,"Hire","NCFL",285663.795009165
2010,3,"Hire","NCFL",224478.983709875
2010,4,"Hire","NCFL",21917.9448984001
2011,1,"Hire","NCFL",1988.053334012
2011,2,"Hire","NCFL",179812.344981773
2011,3,"Hire","NCFL",82248.536027065
2011,4,"Hire","NCFL",11390.0759794324
2012,1,"Hire","NCFL",2961.1052124756
2012,2,"Hire","NCFL",276676.108909465
2012,3,"Hire","NCFL",270166.690153597
2012,4,"Hire","NCFL",66067.0781205441
2013,1,"Hire","NCFL",1779.38402772105
2013,2,"Hire","NCFL",219435.778712346
2013,3,"Hire","NCFL",157523.56650405
2013,4,"Hire","NCFL",15666.2020924412
2014,1,"Hire","NCFL",4518.2153066346
2014,2,"Hire","NCFL",109263.31480322
2014,3,"Hire","NCFL",80586.647165571
2014,4,"Hire","NCFL",15029.8025864733
2015,1,"Hire","NCFL",4176.97372849915
2015,2,"Hire","NCFL",79247.5763003305
2015,3,"Hire","NCFL",76487.1760796395
2015,4,"Hire","NCFL",36125.8665184589
2016,1,"Hire","NCFL",3698.49697924095
2016,2,"Hire","NCFL",155027.330025717
2016,3,"Hire","NCFL",287223.328512401
2016,4,"Hire","NCFL",8996.6489934785
2017,1,"Hire","NCFL",2040.1011056615
2017,2,"Hire","NCFL",74020.2030715322
2017,3,"Hire","NCFL",76920.5680514469
2017,4,"Hire","NCFL",9207.618831303
2018,1,"Hire","NCFL",723.920440832
2018,2,"Hire","NCFL",54684.639800548
2018,3,"Hire","NCFL",41472.4542564571
2018,4,"Hire","NCFL",6945.760667896
2019,1,"Hire","NCFL",2719.130886617
2019,2,"Hire","NCFL",124029.876669309
2019,3,"Hire","NCFL",120361.593410231
2019,4,"Hire","NCFL",5238.8119294605
2020,1,"Hire","NCFL",418.8082294115
2020,2,"Hire","NCFL",105832.507623639
2020,3,"Hire","NCFL",84645.4706284625
2020,4,"Hire","NCFL",34388.6467599995
2021,1,"Hire","NCFL",763.4698176839
2021,2,"Hire","NCFL",53970.8363174033
2021,3,"Hire","NCFL",71606.2353908121
2021,4,"Hire","NCFL",18394.6388838837
2022,1,"Hire","NCFL",3239.2310786157
2022,2,"Hire","NCFL",42729.9780659027
2022,3,"Hire","NCFL",41579.4560112585
2022,4,"Hire","NCFL",5359.987628518
1986,1,"Hire","NNC",0
1986,2,"Hire","NNC",433124.76217
1986,3,"Hire","NNC",325999.4835591
1986,4,"Hire","NNC",56400.33303885
1987,1,"Hire","NNC",1667.67886275
1987,2,"Hire","NNC",663465.07742
1987,3,"Hire","NNC",84403.8971664
1987,4,"Hire","NNC",101125.27123601
1988,1,"Hire","NNC",0
1988,2,"Hire","NNC",780784.3100275
1988,3,"Hire","NNC",229488.4860275
1988,4,"Hire","NNC",104354.25237
1989,1,"Hire","NNC",0
1989,2,"Hire","NNC",1331147.0877
1989,3,"Hire","NNC",456627.474376
1989,4,"Hire","NNC",181917.43225595
1990,1,"Hire","NNC",1084.23824595
1990,2,"Hire","NNC",1298743.78719
1990,3,"Hire","NNC",276237.04979
1990,4,"Hire","NNC",174724.46826241
1991,1,"Hire","NNC",260.24549341
1991,2,"Hire","NNC",1111537.5177668
1991,3,"Hire","NNC",338622.774075
1991,4,"Hire","NNC",256499.96511705
1992,1,"Hire","NNC",91.23981705
1992,2,"Hire","NNC",1074641.727375
1992,3,"Hire","NNC",405659.141982
1992,4,"Hire","NNC",139384.18643
1993,1,"Hire","NNC",0
1993,2,"Hire","NNC",1026905.0891
1993,3,"Hire","NNC",396118.227185
1993,4,"Hire","NNC",132715.377112975
1994,1,"Hire","NNC",111.400682975
1994,2,"Hire","NNC",989642.46377571
1994,3,"Hire","NNC",584375.24510271
1994,4,"Hire","NNC",135125.56548625
1995,1,"Hire","NNC",4838.70464625
1995,2,"Hire","NNC",1163134.1383
1995,3,"Hire","NNC",359621.49451
1995,4,"Hire","NNC",150128.0374417
1996,1,"Hire","NNC",551.8139517
1996,2,"Hire","NNC",627230.730085
1996,3,"Hire","NNC",226632.78750504
1996,4,"Hire","NNC",69149.3746074
1997,1,"Hire","NNC",115.9216214
1997,2,"Hire","NNC",1305418.09893522
1997,3,"Hire","NNC",538424.740762
1997,4,"Hire","NNC",283838.62279905
1998,1,"Hire","NNC",1790.00016905
1998,2,"Hire","NNC",1286262.4415865
1998,3,"Hire","NNC",372007.3119722
1998,4,"Hire","NNC",262721.576268186
1999,1,"Hire","NNC",842.74799845
1999,2,"Hire","NNC",1408220.89949945
1999,3,"Hire","NNC",432012.060853
1999,4,"Hire","NNC",174214.33160028
2000,1,"Hire","NNC",304.99594168
2000,2,"Hire","NNC",2310664.43255
2000,3,"Hire","NNC",531426.5261118
2000,4,"Hire","NNC",297339.51494716
2001,1,"Hire","NNC",125.50340716
2001,2,"Hire","NNC",1246703.017725
2001,3,"Hire","NNC",191223.512554
2001,4,"Hire","NNC",200104.9032774
2002,1,"Hire","NNC",676.1107774
2002,2,"Hire","NNC",1545058.90393
2002,3,"Hire","NNC",1004863.815418
2002,4,"Hire","NNC",454066.2064137
2003,1,"Hire","NNC",1183.9992037
2003,2,"Hire","NNC",674399.031675
2003,3,"Hire","NNC",213095.300745
2003,4,"Hire","NNC",35237.9331705
2004,1,"Hire","NNC",6161.7448815
2004,2,"Hire","NNC",893497.2814386
2004,3,"Hire","NNC",148990.966608
2004,4,"Hire","NNC",73884.859023
2005,1,"Hire","NNC",0
2005,2,"Hire","NNC",2585572.42796
2005,3,"Hire","NNC",336981.4873453
2005,4,"Hire","NNC",230277.44385465
2006,1,"Hire","NNC",649.52674465
2006,2,"Hire","NNC",1798732.552745
2006,3,"Hire","NNC",404133.4366446
2006,4,"Hire","NNC",427160.454792
2007,1,"Hire","NNC",26379.66425149
2007,2,"Hire","NNC",1993879.41817268
2007,3,"Hire","NNC",498074.71399
2007,4,"Hire","NNC",25903.881192285
2008,1,"Hire","NNC",406.588120285
2008,2,"Hire","NNC",1103120.685923
2008,3,"Hire","NNC",407834.525168
2008,4,"Hire","NNC",85704.582088
2009,1,"Hire","NNC",24206.071899
2009,2,"Hire","NNC",634407.33177
2009,3,"Hire","NNC",195210.6095809
2009,4,"Hire","NNC",96114.53641815
2010,1,"Hire","NNC",2687.38133615
2010,2,"Hire","NNC",787052.251825
2010,3,"Hire","NNC",489807.5099663
2010,4,"Hire","NNC",107080.515433955
2011,1,"Hire","NNC",494.650425855
2011,2,"Hire","NNC",1081341.26904294
2011,3,"Hire","NNC",412117.7608115
2011,4,"Hire","NNC",82709.65597935
2012,1,"Hire","NNC",1942.78626855
2012,2,"Hire","NNC",652999.382295
2012,3,"Hire","NNC",487251.719121
2012,4,"Hire","NNC",94178.2139237
2013,1,"Hire","NNC",1180.40012837
2013,2,"Hire","NNC",382917.761675
2013,3,"Hire","NNC",84694.8240044
2013,4,"Hire","NNC",171922.7428052
2014,1,"Hire","NNC",639.8102072
2014,2,"Hire","NNC",486581.5942907
2014,3,"Hire","NNC",342121.2981634
2014,4,"Hire","NNC",87613.43963096
2015,1,"Hire","NNC",379.62632005
2015,2,"Hire","NNC",887362.4667867
2015,3,"Hire","NNC",323703.8620899
2015,4,"Hire","NNC",153765.5967123
2016,1,"Hire","NNC",10076.9812658
2016,2,"Hire","NNC",654843.6921622
2016,3,"Hire","NNC",308663.788258
2016,4,"Hire","NNC",271979.7140424
2017,1,"Hire","NNC",1078.5617124
2017,2,"Hire","NNC",448934.32773667
2017,3,"Hire","NNC",299365.660504
2017,4,"Hire","NNC",83798.750469349
2018,1,"Hire","NNC",2982.11690385
2018,2,"Hire","NNC",749638.8235719
2018,3,"Hire","NNC",393881.127554
2018,4,"Hire","NNC",321331.51947789
2019,1,"Hire","NNC",236.11423789
2019,2,"Hire","NNC",517428.78348399
2019,3,"Hire","NNC",328708.80906255
2019,4,"Hire","NNC",149380.96920401
2020,1,"Hire","NNC",2583.88443785
2020,2,"Hire","NNC",385980.1737731
2020,3,"Hire","NNC",190423.5442731
2020,4,"Hire","NNC",90850.656232115
2021,1,"Hire","NNC",247.415766115
2021,2,"Hire","NNC",437757.80776
2021,3,"Hire","NNC",190320.6004565
2021,4,"Hire","NNC",243324.78775565
2022,1,"Hire","NNC",357.74901565
2022,2,"Hire","NNC",187786.1726169
2022,3,"Hire","NNC",149948.3973986
2022,4,"Hire","NNC",88833.33739955
1986,1,"Hire","VBM",0.182732868726535
1986,2,"Hire","VBM",61035.804922899
1986,3,"Hire","VBM",226.370671640601
1986,4,"Hire","VBM",395.873983180998
1987,1,"Hire","VBM",0.143361569386949
1987,2,"Hire","VBM",7039.84277675695
1987,3,"Hire","VBM",101.43133959464
1987,4,"Hire","VBM",17826.4082578787
1988,1,"Hire","VBM",0.194656069668591
1988,2,"Hire","VBM",9129.20505134083
1988,3,"Hire","VBM",99.120370962355
1988,4,"Hire","VBM",85447.6964414885
1989,1,"Hire","VBM",0.190221108315564
1989,2,"Hire","VBM",327414.493035015
1989,3,"Hire","VBM",4332.05776075002
1989,4,"Hire","VBM",119730.711357332
1990,1,"Hire","VBM",0.506270272851964
1990,2,"Hire","VBM",21327.0823537813
1990,3,"Hire","VBM",364.462787332098
1990,4,"Hire","VBM",9387.1979052668
1991,1,"Hire","VBM",0.699437609776718
1991,2,"Hire","VBM",97117.3102285444
1991,3,"Hire","VBM",680.402799947629
1991,4,"Hire","VBM",61373.8357301758
1992,1,"Hire","VBM",1.30575555206715
1992,2,"Hire","VBM",131115.068392337
1992,3,"Hire","VBM",296.757019738917
1992,4,"Hire","VBM",29737.3084998798
1993,1,"Hire","VBM",0.569504014634886
1993,2,"Hire","VBM",724146.530000541
1993,3,"Hire","VBM",560.450805550837
1993,4,"Hire","VBM",17247.3129927656
1994,1,"Hire","VBM",1.0755566424254
1994,2,"Hire","VBM",560828.991181604
1994,3,"Hire","VBM",4745.84357165548
1994,4,"Hire","VBM",7976.47554023263
1995,1,"Hire","VBM",0.405615088338943
1995,2,"Hire","VBM",115195.643453758
1995,3,"Hire","VBM",1756.98944924968
1995,4,"Hire","VBM",28804.6314778947
1996,1,"Hire","VBM",41.3229860667506
1996,2,"Hire","VBM",49774.1616041145
1996,3,"Hire","VBM",913.59794195611
1996,4,"Hire","VBM",91288.4268107698
1997,1,"Hire","VBM",0.245038959642422
1997,2,"Hire","VBM",10366.1212941
1997,3,"Hire","VBM",1425.417199
1997,4,"Hire","VBM",98323.94628316
1998,1,"Hire","VBM",0
1998,2,"Hire","VBM",755334.5890195
1998,3,"Hire","VBM",1270.2587075
1998,4,"Hire","VBM",22760.0073178
1999,1,"Hire","VBM",0
1999,2,"Hire","VBM",231258.194481
1999,3,"Hire","VBM",56598.940958
1999,4,"Hire","VBM",687.350188
2000,1,"Hire","VBM",80.644268
2000,2,"Hire","VBM",1590.883452
2000,3,"Hire","VBM",431.88114
2000,4,"Hire","VBM",983.9473865
2001,1,"Hire","VBM",9.876608
2001,2,"Hire","VBM",18490.68546515
2001,3,"Hire","VBM",3416.47083065
2001,4,"Hire","VBM",12417.09462677
2002,1,"Hire","VBM",10.989931
2002,2,"Hire","VBM",86805.81877144
2002,3,"Hire","VBM",66142.4421165
2002,4,"Hire","VBM",15396.32420458
2003,1,"Hire","VBM",62.224835
2003,2,"Hire","VBM",14439.15691172
2003,3,"Hire","VBM",246.937246
2003,4,"Hire","VBM",41004.32493686
2004,1,"Hire","VBM",0
2004,2,"Hire","VBM",115295.31503711
2004,3,"Hire","VBM",1585.9207506
2004,4,"Hire","VBM",38549.90848158
2005,1,"Hire","VBM",79.652198
2005,2,"Hire","VBM",28650.57043881
2005,3,"Hire","VBM",325.597374
2005,4,"Hire","VBM",9044.385673684
2006,1,"Hire","VBM",0
2006,2,"Hire","VBM",69079.453088294
2006,3,"Hire","VBM",2770.928480394
2006,4,"Hire","VBM",64863.6404687
2007,1,"Hire","VBM",1.455036
2007,2,"Hire","VBM",24364.817506149
2007,3,"Hire","VBM",2983.203521681
2007,4,"Hire","VBM",57545.4966411
2008,1,"Hire","VBM",14.781843
2008,2,"Hire","VBM",96702.1943488348
2008,3,"Hire","VBM",891.4606296618
2008,4,"Hire","VBM",15999.221878046
2009,1,"Hire","VBM",0
2009,2,"Hire","VBM",81529.3670470386
2009,3,"Hire","VBM",14133.8205035766
2009,4,"Hire","VBM",10599.727607
2010,1,"Hire","VBM",0
2010,2,"Hire","VBM",98190.1839577455
2010,3,"Hire","VBM",1138.7115611455
2010,4,"Hire","VBM",20721.5148965325
2011,1,"Hire","VBM",0
2011,2,"Hire","VBM",15128.9647093328
2011,3,"Hire","VBM",1250.1534505055
2011,4,"Hire","VBM",1465.610805824
2012,1,"Hire","VBM",0
2012,2,"Hire","VBM",15359.5124532547
2012,3,"Hire","VBM",2296.60893398965
2012,4,"Hire","VBM",4231.196373728
2013,1,"Hire","VBM",0
2013,2,"Hire","VBM",10367.3531007112
2013,3,"Hire","VBM",871.402361769294
2013,4,"Hire","VBM",4825.5146273235
2014,1,"Hire","VBM",0.493050407969153
2014,2,"Hire","VBM",45158.0752247636
2014,3,"Hire","VBM",3636.35209539782
2014,4,"Hire","VBM",7943.51982237905
2015,1,"Hire","VBM",22.8106082147779
2015,2,"Hire","VBM",154428.228578163
2015,3,"Hire","VBM",7493.78254008763
2015,4,"Hire","VBM",115932.584150086
2016,1,"Hire","VBM",13.3904424512092
2016,2,"Hire","VBM",165976.240173398
2016,3,"Hire","VBM",15055.5332136001
2016,4,"Hire","VBM",14806.080584792
2017,1,"Hire","VBM",0
2017,2,"Hire","VBM",3833.937176546
2017,3,"Hire","VBM",2005.245921219
2017,4,"Hire","VBM",25339.37020053
2018,1,"Hire","VBM",6.5079792
2018,2,"Hire","VBM",33417.8753722855
2018,3,"Hire","VBM",2440.5930992955
2018,4,"Hire","VBM",36349.449925738
2019,1,"Hire","VBM",3.8668684
2019,2,"Hire","VBM",63137.2566389934
2019,3,"Hire","VBM",18858.8105467785
2019,4,"Hire","VBM",11641.98741351
2020,1,"Hire","VBM",80.644268
2020,2,"Hire","VBM",15162.5485481909
2020,3,"Hire","VBM",6019.785981215
2020,4,"Hire","VBM",30429.71242343
2021,1,"Hire","VBM",9.104998
2021,2,"Hire","VBM",49589.8776369816
2021,3,"Hire","VBM",538.810735483
2021,4,"Hire","VBM",50865.2406872489
2022,1,"Hire","VBM",4.05016514285
2022,2,"Hire","VBM",11726.056434447
2022,3,"Hire","VBM",1064.1739985
2022,4,"Hire","VBM",5723.90290346
1986,1,"Rec","FLK",402090.611512
1986,2,"Rec","FLK",1537010.301951
1986,3,"Rec","FLK",2075606.31068
1986,4,"Rec","FLK",1225359.080503
1987,1,"Rec","FLK",1556819.6436321
1987,2,"Rec","FLK",2192920.157243
1987,3,"Rec","FLK",2961239.86047
1987,4,"Rec","FLK",409899.928155
1988,1,"Rec","FLK",720299.766435
1988,2,"Rec","FLK",3018472.4393275
1988,3,"Rec","FLK",2253282.1258295
1988,4,"Rec","FLK",778641.0013095
1989,1,"Rec","FLK",394531.5339685
1989,2,"Rec","FLK",7785107.073907
1989,3,"Rec","FLK",7490678.371687
1989,4,"Rec","FLK",1972243.64195
1990,1,"Rec","FLK",731825.02391
1990,2,"Rec","FLK",12114519.99596
1990,3,"Rec","FLK",5174373.576515
1990,4,"Rec","FLK",2081267.046073
1991,1,"Rec","FLK",822934.040007
1991,2,"Rec","FLK",10437840.66811
1991,3,"Rec","FLK",6015731.45949
1991,4,"Rec","FLK",5694629.64687
1992,1,"Rec","FLK",2178846.827568
1992,2,"Rec","FLK",3838258.76897
1992,3,"Rec","FLK",9266735.051138
1992,4,"Rec","FLK",794585.2607445
1993,1,"Rec","FLK",936745.3668875
1993,2,"Rec","FLK",3404811.681513
1993,3,"Rec","FLK",3461381.714369
1993,4,"Rec","FLK",2073350.4848275
1994,1,"Rec","FLK",820407.8070305
1994,2,"Rec","FLK",3825880.585772
1994,3,"Rec","FLK",3779173.997883
1994,4,"Rec","FLK",1223022.6217795
1995,1,"Rec","FLK",830452.9544785
1995,2,"Rec","FLK",7321132.018207
1995,3,"Rec","FLK",6059478.972615
1995,4,"Rec","FLK",997193.35034
1996,1,"Rec","FLK",894446.729609
1996,2,"Rec","FLK",4717397.531072
1996,3,"Rec","FLK",4144945.655805
1996,4,"Rec","FLK",814358.5227255
1997,1,"Rec","FLK",822900.2740015
1997,2,"Rec","FLK",13662134.7879535
1997,3,"Rec","FLK",7460291.6129555
1997,4,"Rec","FLK",680319.870902
1998,1,"Rec","FLK",512604.910179
1998,2,"Rec","FLK",4808404.9029075
1998,3,"Rec","FLK",6697606.3521455
1998,4,"Rec","FLK",480805.999906
1999,1,"Rec","FLK",2224750.499936
1999,2,"Rec","FLK",6375713.817896
1999,3,"Rec","FLK",4880668.673071
1999,4,"Rec","FLK",446539.998351
2000,1,"Rec","FLK",388395.733376
2000,2,"Rec","FLK",6358021.92149
2000,3,"Rec","FLK",4543957.05274
2000,4,"Rec","FLK",1945322.41967
2001,1,"Rec","FLK",734792.791028
2001,2,"Rec","FLK",5589527.8009055
2001,3,"Rec","FLK",4428842.2965155
2001,4,"Rec","FLK",1006040.29327
2002,1,"Rec","FLK",557625.011104
2002,2,"Rec","FLK",2214085.121685
2002,3,"Rec","FLK",2925740.59884
2002,4,"Rec","FLK",1707998.934653
2003,1,"Rec","FLK",1456262.994025
2003,2,"Rec","FLK",4995938.623785
2003,3,"Rec","FLK",3649029.585379
2003,4,"Rec","FLK",782734.247079
2004,1,"Rec","FLK",967221.947621
2004,2,"Rec","FLK",2849331.859308
2004,3,"Rec","FLK",2248755.055419
2004,4,"Rec","FLK",359908.9980595
2005,1,"Rec","FLK",523706.5143324
2005,2,"Rec","FLK",2074779.922636
2005,3,"Rec","FLK",1481261.69372
2005,4,"Rec","FLK",428496.5378755
2006,1,"Rec","FLK",771447.5006575
2006,2,"Rec","FLK",2360906.252433
2006,3,"Rec","FLK",4707928.75331
2006,4,"Rec","FLK",720707.6341085
2007,1,"Rec","FLK",1687929.8679335
2007,2,"Rec","FLK",3048184.896547
2007,3,"Rec","FLK",2545278.346088
2007,4,"Rec","FLK",1088888.601103
2008,1,"Rec","FLK",459939.616505
2008,2,"Rec","FLK",3741867.724773
2008,3,"Rec","FLK",2419131.418834
2008,4,"Rec","FLK",1130457.913654
2009,1,"Rec","FLK",1060550.801232
2009,2,"Rec","FLK",2307626.664698
2009,3,"Rec","FLK",2391186.302147
2009,4,"Rec","FLK",973978.720361
2010,1,"Rec","FLK",914196.22597
2010,2,"Rec","FLK",1487555.3826935
2010,3,"Rec","FLK",1119817.5251252
2010,4,"Rec","FLK",583585.6510205
2011,1,"Rec","FLK",158545.1318325
2011,2,"Rec","FLK",2840895.191238
2011,3,"Rec","FLK",1874901.968145
2011,4,"Rec","FLK",1027396.494889
2012,1,"Rec","FLK",583236.32173
2012,2,"Rec","FLK",1913413.34181
2012,3,"Rec","FLK",2147562.24404
2012,4,"Rec","FLK",1229421.78382465
2013,1,"Rec","FLK",390521.92358565
2013,2,"Rec","FLK",5642922.797515
2013,3,"Rec","FLK",3496798.03301
2013,4,"Rec","FLK",622306.011487
2014,1,"Rec","FLK",626084.3142042
2014,2,"Rec","FLK",3609215.69033055
2014,3,"Rec","FLK",4087637.83493555
2014,4,"Rec","FLK",1674867.362149
2015,1,"Rec","FLK",251340.8530908
2015,2,"Rec","FLK",6725790.192795
2015,3,"Rec","FLK",3086404.455285
2015,4,"Rec","FLK",1961056.6891065
2016,1,"Rec","FLK",491945.9999855
2016,2,"Rec","FLK",2370240.379099
2016,3,"Rec","FLK",1718749.7260808
2016,4,"Rec","FLK",621555.856116
2017,1,"Rec","FLK",151986.3980101
2017,2,"Rec","FLK",3691597.32539
2017,3,"Rec","FLK",981884.071306
2017,4,"Rec","FLK",607068.6887215
2018,1,"Rec","FLK",253386.3464435
2018,2,"Rec","FLK",3234459.081095
2018,3,"Rec","FLK",2474351.674035
2018,4,"Rec","FLK",1831258.9655214
2019,1,"Rec","FLK",496265.4094885
2019,2,"Rec","FLK",2593726.3495245
2019,3,"Rec","FLK",1113341.0069215
2019,4,"Rec","FLK",90869.6068195
2020,1,"Rec","FLK",58125.5081315
2020,2,"Rec","FLK",1336144.38198
2020,3,"Rec","FLK",1105211.98579
2020,4,"Rec","FLK",340721.690943
2021,1,"Rec","FLK",315763.4518972
2021,2,"Rec","FLK",1821803.149092
2021,3,"Rec","FLK",759694.8976378
2021,4,"Rec","FLK",784898.3085745
2022,1,"Rec","FLK",163317.6307565
2022,2,"Rec","FLK",1574723.103689
2022,3,"Rec","FLK",1470855.335812
2022,4,"Rec","FLK",665770.934404
1986,1,"Rec","NCFL",0
1986,2,"Rec","NCFL",333859.7240897
1986,3,"Rec","NCFL",301792.208382
1986,4,"Rec","NCFL",87680.5671073
1987,1,"Rec","NCFL",13539.51642
1987,2,"Rec","NCFL",107709.61669131
1987,3,"Rec","NCFL",15058.2502421
1987,4,"Rec","NCFL",38859.186421
1988,1,"Rec","NCFL",0
1988,2,"Rec","NCFL",250212.4581415
1988,3,"Rec","NCFL",27377.977377
1988,4,"Rec","NCFL",43432.684768
1989,1,"Rec","NCFL",139949.96468
1989,2,"Rec","NCFL",244292.9303067
1989,3,"Rec","NCFL",225383.7398493
1989,4,"Rec","NCFL",261713.066833
1990,1,"Rec","NCFL",208611.78881
1990,2,"Rec","NCFL",149480.1526736
1990,3,"Rec","NCFL",49266.637829
1990,4,"Rec","NCFL",113586.479528
1991,1,"Rec","NCFL",0
1991,2,"Rec","NCFL",259559.194478
1991,3,"Rec","NCFL",186323.8080385
1991,4,"Rec","NCFL",11784.1274285
1992,1,"Rec","NCFL",0
1992,2,"Rec","NCFL",172770.8497485
1992,3,"Rec","NCFL",46074.0224545
1992,4,"Rec","NCFL",26550.87985054
1993,1,"Rec","NCFL",0
1993,2,"Rec","NCFL",435571.3721926
1993,3,"Rec","NCFL",275253.2152825
1993,4,"Rec","NCFL",22903.278127
1994,1,"Rec","NCFL",37237.803076
1994,2,"Rec","NCFL",632845.96615557
1994,3,"Rec","NCFL",527905.2802617
1994,4,"Rec","NCFL",328116.2027254
1995,1,"Rec","NCFL",191850.8200715
1995,2,"Rec","NCFL",573069.102568
1995,3,"Rec","NCFL",882578.7839304
1995,4,"Rec","NCFL",66134.245013
1996,1,"Rec","NCFL",28353.847321
1996,2,"Rec","NCFL",424664.0328875
1996,3,"Rec","NCFL",627473.5969485
1996,4,"Rec","NCFL",69800.2141582
1997,1,"Rec","NCFL",0
1997,2,"Rec","NCFL",461797.50900645
1997,3,"Rec","NCFL",691206.77939145
1997,4,"Rec","NCFL",163498.44432
1998,1,"Rec","NCFL",0
1998,2,"Rec","NCFL",168955.447171
1998,3,"Rec","NCFL",187341.433104
1998,4,"Rec","NCFL",145838.900778
1999,1,"Rec","NCFL",145983.731628
1999,2,"Rec","NCFL",720427.0119672
1999,3,"Rec","NCFL",661322.724832
1999,4,"Rec","NCFL",114749.1645762
2000,1,"Rec","NCFL",23423.0881335
2000,2,"Rec","NCFL",1292908.88557645
2000,3,"Rec","NCFL",1223197.12037345
2000,4,"Rec","NCFL",244407.48752
2001,1,"Rec","NCFL",304307.365338
2001,2,"Rec","NCFL",1526795.878791
2001,3,"Rec","NCFL",1626879.369163
2001,4,"Rec","NCFL",140064.9683615
2002,1,"Rec","NCFL",40233.4508745
2002,2,"Rec","NCFL",958974.9573468
2002,3,"Rec","NCFL",770420.731847
2002,4,"Rec","NCFL",594701.8772653
2003,1,"Rec","NCFL",199636.271872
2003,2,"Rec","NCFL",1196274.9222335
2003,3,"Rec","NCFL",519857.6213495
2003,4,"Rec","NCFL",56402.9202636
2004,1,"Rec","NCFL",55879.6681305
2004,2,"Rec","NCFL",699662.7681845
2004,3,"Rec","NCFL",590359.1788295
2004,4,"Rec","NCFL",30854.2637059
2005,1,"Rec","NCFL",25660.5276725
2005,2,"Rec","NCFL",731003.1028375
2005,3,"Rec","NCFL",1137112.7887695
2005,4,"Rec","NCFL",25478.197472
2006,1,"Rec","NCFL",5351.814935
2006,2,"Rec","NCFL",848727.32361815
2006,3,"Rec","NCFL",785311.78619315
2006,4,"Rec","NCFL",72686.3269049
2007,1,"Rec","NCFL",158254.3387485
2007,2,"Rec","NCFL",1269099.050498
2007,3,"Rec","NCFL",971785.127461
2007,4,"Rec","NCFL",29406.606676
2008,1,"Rec","NCFL",26690.282285
2008,2,"Rec","NCFL",506709.1484953
2008,3,"Rec","NCFL",1070780.381847
2008,4,"Rec","NCFL",29708.826622
2009,1,"Rec","NCFL",24015.200943
2009,2,"Rec","NCFL",1689310.91431675
2009,3,"Rec","NCFL",2046079.48850705
2009,4,"Rec","NCFL",35949.5298129
2010,1,"Rec","NCFL",24546.07331
2010,2,"Rec","NCFL",879638.4685068
2010,3,"Rec","NCFL",2247154.5222004
2010,4,"Rec","NCFL",12406.576566
2011,1,"Rec","NCFL",34555.637735
2011,2,"Rec","NCFL",917826.58094
2011,3,"Rec","NCFL",541245.590724
2011,4,"Rec","NCFL",157468.63925
2012,1,"Rec","NCFL",0
2012,2,"Rec","NCFL",874624.064861
2012,3,"Rec","NCFL",1894417.85635
2012,4,"Rec","NCFL",98557.1643577
2013,1,"Rec","NCFL",21440.509465
2013,2,"Rec","NCFL",1133952.15115209
2013,3,"Rec","NCFL",873979.146019595
2013,4,"Rec","NCFL",34884.79355496
2014,1,"Rec","NCFL",0
2014,2,"Rec","NCFL",635500.597797
2014,3,"Rec","NCFL",527925.492789
2014,4,"Rec","NCFL",106376.4793096
2015,1,"Rec","NCFL",2674.7032479
2015,2,"Rec","NCFL",806117.9302575
2015,3,"Rec","NCFL",541710.6119145
2015,4,"Rec","NCFL",200599.935287
2016,1,"Rec","NCFL",35519.39536
2016,2,"Rec","NCFL",1880963.7924757
2016,3,"Rec","NCFL",2411574.0650663
2016,4,"Rec","NCFL",36741.864612
2017,1,"Rec","NCFL",21285.416755
2017,2,"Rec","NCFL",1121239.27016405
2017,3,"Rec","NCFL",1145772.70649335
2017,4,"Rec","NCFL",14797.2060401
2018,1,"Rec","NCFL",47989.8426561
2018,2,"Rec","NCFL",1292812.453642
2018,3,"Rec","NCFL",1214296.429625
2018,4,"Rec","NCFL",53139.94132375
2019,1,"Rec","NCFL",18051.94316675
2019,2,"Rec","NCFL",859657.718327
2019,3,"Rec","NCFL",1202456.102685
2019,4,"Rec","NCFL",47887.60452905
2020,1,"Rec","NCFL",4941.57525205
2020,2,"Rec","NCFL",870871.39791335
2020,3,"Rec","NCFL",1093047.25274605
2020,4,"Rec","NCFL",74738.8546174
2021,1,"Rec","NCFL",13564.4603427
2021,2,"Rec","NCFL",481408.400944
2021,3,"Rec","NCFL",607170.208755
2021,4,"Rec","NCFL",296364.64316
2022,1,"Rec","NCFL",43565.052599
2022,2,"Rec","NCFL",1398654.098227
2022,3,"Rec","NCFL",1267020.19981
2022,4,"Rec","NCFL",35945.5381
1986,1,"Rec","NNC",0
1986,2,"Rec","NNC",2549.585587
1986,3,"Rec","NNC",0
1986,4,"Rec","NNC",0
1987,1,"Rec","NNC",0
1987,2,"Rec","NNC",74122.359757
1987,3,"Rec","NNC",0
1987,4,"Rec","NNC",5418.0049704
1988,1,"Rec","NNC",0
1988,2,"Rec","NNC",190913.37725255
1988,3,"Rec","NNC",11855.57324015
1988,4,"Rec","NNC",0
1989,1,"Rec","NNC",0
1989,2,"Rec","NNC",190285.590754
1989,3,"Rec","NNC",146559.750462
1989,4,"Rec","NNC",1588.61975377
1990,1,"Rec","NNC",937.60578185
1990,2,"Rec","NNC",101752.8888795
1990,3,"Rec","NNC",13798.1688988
1990,4,"Rec","NNC",2988.9026996
1991,1,"Rec","NNC",0
1991,2,"Rec","NNC",74717.26633355
1991,3,"Rec","NNC",188201.12447755
1991,4,"Rec","NNC",14471.2552727
1992,1,"Rec","NNC",0
1992,2,"Rec","NNC",44990.2365305
1992,3,"Rec","NNC",20688.1894225
1992,4,"Rec","NNC",23482.4336294
1993,1,"Rec","NNC",0
1993,2,"Rec","NNC",275901.149146
1993,3,"Rec","NNC",16772.72643
1993,4,"Rec","NNC",3725.3237701
1994,1,"Rec","NNC",0
1994,2,"Rec","NNC",131128.56108995
1994,3,"Rec","NNC",110141.01901
1994,4,"Rec","NNC",22736.48864545
1995,1,"Rec","NNC",901.12407745
1995,2,"Rec","NNC",139627.752415
1995,3,"Rec","NNC",112879.30286
1995,4,"Rec","NNC",18935.0181871
1996,1,"Rec","NNC",0
1996,2,"Rec","NNC",107656.5126912
1996,3,"Rec","NNC",64202.1176915
1996,4,"Rec","NNC",24720.906196
1997,1,"Rec","NNC",0
1997,2,"Rec","NNC",435856.3212264
1997,3,"Rec","NNC",173323.93024
1997,4,"Rec","NNC",51077.591401
1998,1,"Rec","NNC",0
1998,2,"Rec","NNC",281380.66614415
1998,3,"Rec","NNC",82361.99665795
1998,4,"Rec","NNC",48561.628737
1999,1,"Rec","NNC",0
1999,2,"Rec","NNC",765878.84276
1999,3,"Rec","NNC",110560.4360094
1999,4,"Rec","NNC",438366.09495
2000,1,"Rec","NNC",0
2000,2,"Rec","NNC",482223.84043
2000,3,"Rec","NNC",308657.0631
2000,4,"Rec","NNC",36099.43349
2001,1,"Rec","NNC",0
2001,2,"Rec","NNC",1306376.495575
2001,3,"Rec","NNC",440718.426265
2001,4,"Rec","NNC",13626.2223446
2002,1,"Rec","NNC",0
2002,2,"Rec","NNC",571494.80019
2002,3,"Rec","NNC",214939.453747
2002,4,"Rec","NNC",85496.406094
2003,1,"Rec","NNC",0
2003,2,"Rec","NNC",609770.245155
2003,3,"Rec","NNC",239310.118283
2003,4,"Rec","NNC",19119.890807
2004,1,"Rec","NNC",0
2004,2,"Rec","NNC",113004.2760335
2004,3,"Rec","NNC",475980.8962735
2004,4,"Rec","NNC",2136.27196365
2005,1,"Rec","NNC",2136.27196365
2005,2,"Rec","NNC",590686.851555
2005,3,"Rec","NNC",259517.818361
2005,4,"Rec","NNC",54155.539834
2006,1,"Rec","NNC",0
2006,2,"Rec","NNC",607972.99461
2006,3,"Rec","NNC",106908.48715
2006,4,"Rec","NNC",28717.38925
2007,1,"Rec","NNC",5942.542279
2007,2,"Rec","NNC",744613.91755
2007,3,"Rec","NNC",491176.51816
2007,4,"Rec","NNC",163825.899279
2008,1,"Rec","NNC",84014.255115
2008,2,"Rec","NNC",152061.013842
2008,3,"Rec","NNC",71504.17105
2008,4,"Rec","NNC",0
2009,1,"Rec","NNC",0
2009,2,"Rec","NNC",1264627.51024
2009,3,"Rec","NNC",1087705.72285
2009,4,"Rec","NNC",6844.5838839
2010,1,"Rec","NNC",22325.894713
2010,2,"Rec","NNC",653463.1756
2010,3,"Rec","NNC",404357.90877
2010,4,"Rec","NNC",30332.75136
2011,1,"Rec","NNC",0
2011,2,"Rec","NNC",1069910.85102
2011,3,"Rec","NNC",469889.15094
2011,4,"Rec","NNC",523515.639595
2012,1,"Rec","NNC",2302.0635369
2012,2,"Rec","NNC",490794.28278
2012,3,"Rec","NNC",390222.190658
2012,4,"Rec","NNC",176165.500059
2013,1,"Rec","NNC",23123.025689
2013,2,"Rec","NNC",409412.0786225
2013,3,"Rec","NNC",123390.5100925
2013,4,"Rec","NNC",7874.3721436
2014,1,"Rec","NNC",0
2014,2,"Rec","NNC",1110407.04407
2014,3,"Rec","NNC",158861.836275
2014,4,"Rec","NNC",20435.535155
2015,1,"Rec","NNC",0
2015,2,"Rec","NNC",2063566.09553
2015,3,"Rec","NNC",1061391.16588
2015,4,"Rec","NNC",380237.48129
2016,1,"Rec","NNC",0
2016,2,"Rec","NNC",1047769.073592
2016,3,"Rec","NNC",600500.287399
2016,4,"Rec","NNC",56392.308264
2017,1,"Rec","NNC",0
2017,2,"Rec","NNC",467963.5986709
2017,3,"Rec","NNC",325175.5219054
2017,4,"Rec","NNC",8185.0306464
2018,1,"Rec","NNC",0
2018,2,"Rec","NNC",679171.929
2018,3,"Rec","NNC",356493.64774
2018,4,"Rec","NNC",312058.62583
2019,1,"Rec","NNC",0
2019,2,"Rec","NNC",1086972.2989568
2019,3,"Rec","NNC",392151.52536
2019,4,"Rec","NNC",208116.03905
2020,1,"Rec","NNC",0
2020,2,"Rec","NNC",644282.620955
2020,3,"Rec","NNC",435569.013485
2020,4,"Rec","NNC",9393.5365201
2021,1,"Rec","NNC",0
2021,2,"Rec","NNC",335459.072382
2021,3,"Rec","NNC",261213.407585
2021,4,"Rec","NNC",0
2022,1,"Rec","NNC",0
2022,2,"Rec","NNC",109570.199591
2022,3,"Rec","NNC",35062.027448
2022,4,"Rec","NNC",66762.310087
1986,1,"Rec","VBM",0
1986,2,"Rec","VBM",73390.2164602
1986,3,"Rec","VBM",0
1986,4,"Rec","VBM",30554.91797537
1987,1,"Rec","VBM",0
1987,2,"Rec","VBM",42063.9216652
1987,3,"Rec","VBM",0
1987,4,"Rec","VBM",10075.850084
1988,1,"Rec","VBM",0
1988,2,"Rec","VBM",29325.04696859
1988,3,"Rec","VBM",0
1988,4,"Rec","VBM",4241.1161939
1989,1,"Rec","VBM",0
1989,2,"Rec","VBM",682113.84938503
1989,3,"Rec","VBM",6273.4199215
1989,4,"Rec","VBM",308558.120712
1990,1,"Rec","VBM",0
1990,2,"Rec","VBM",146908.50658083
1990,3,"Rec","VBM",0
1990,4,"Rec","VBM",362516.4740805
1991,1,"Rec","VBM",0
1991,2,"Rec","VBM",313639.77550797
1991,3,"Rec","VBM",0
1991,4,"Rec","VBM",151146.9576459
1992,1,"Rec","VBM",0
1992,2,"Rec","VBM",86939.8196423
1992,3,"Rec","VBM",10263.40414
1992,4,"Rec","VBM",412094.036954
1993,1,"Rec","VBM",0
1993,2,"Rec","VBM",698833.83484815
1993,3,"Rec","VBM",3495.75278625
1993,4,"Rec","VBM",169619.012954
1994,1,"Rec","VBM",0
1994,2,"Rec","VBM",511981.1736609
1994,3,"Rec","VBM",2273.6182012
1994,4,"Rec","VBM",80212.6220714
1995,1,"Rec","VBM",0
1995,2,"Rec","VBM",529062.748696
1995,3,"Rec","VBM",80239.87015
1995,4,"Rec","VBM",0
1996,1,"Rec","VBM",0
1996,2,"Rec","VBM",408494.5506598
1996,3,"Rec","VBM",0
1996,4,"Rec","VBM",77611.635873
1997,1,"Rec","VBM",0
1997,2,"Rec","VBM",149860.531441
1997,3,"Rec","VBM",0
1997,4,"Rec","VBM",48011.4314108
1998,1,"Rec","VBM",0
1998,2,"Rec","VBM",470816.5653517
1998,3,"Rec","VBM",0
1998,4,"Rec","VBM",135952.733105
1999,1,"Rec","VBM",0
1999,2,"Rec","VBM",241113.9630746
1999,3,"Rec","VBM",25726.903943
1999,4,"Rec","VBM",256782.820762
2000,1,"Rec","VBM",0
2000,2,"Rec","VBM",1440372.6028418
2000,3,"Rec","VBM",0
2000,4,"Rec","VBM",168106.317238
2001,1,"Rec","VBM",0
2001,2,"Rec","VBM",287941.9164574
2001,3,"Rec","VBM",59775.0306197
2001,4,"Rec","VBM",24906.3256158
2002,1,"Rec","VBM",0
2002,2,"Rec","VBM",606075.9303095
2002,3,"Rec","VBM",159947.4314415
2002,4,"Rec","VBM",966332.6743728
2003,1,"Rec","VBM",0
2003,2,"Rec","VBM",122391.0837474
2003,3,"Rec","VBM",0
2003,4,"Rec","VBM",782389.4738278
2004,1,"Rec","VBM",0
2004,2,"Rec","VBM",128301.9651217
2004,3,"Rec","VBM",0
2004,4,"Rec","VBM",58236.601403
2005,1,"Rec","VBM",0
2005,2,"Rec","VBM",275682.1871406
2005,3,"Rec","VBM",0
2005,4,"Rec","VBM",213554.26385
2006,1,"Rec","VBM",0
2006,2,"Rec","VBM",683153.7834845
2006,3,"Rec","VBM",111167.1609095
2006,4,"Rec","VBM",420176.095318
2007,1,"Rec","VBM",0
2007,2,"Rec","VBM",208924.036115
2007,3,"Rec","VBM",0
2007,4,"Rec","VBM",27845.086456
2008,1,"Rec","VBM",0
2008,2,"Rec","VBM",66597.2980168
2008,3,"Rec","VBM",22482.0478475
2008,4,"Rec","VBM",7739.1154137
2009,1,"Rec","VBM",0
2009,2,"Rec","VBM",1573958.1685471
2009,3,"Rec","VBM",3543.8904571
2009,4,"Rec","VBM",30416.945283
2010,1,"Rec","VBM",0
2010,2,"Rec","VBM",511433.969389
2010,3,"Rec","VBM",5630.437949
2010,4,"Rec","VBM",200346.450696
2011,1,"Rec","VBM",0
2011,2,"Rec","VBM",2626410.052235
2011,3,"Rec","VBM",0
2011,4,"Rec","VBM",0
2012,1,"Rec","VBM",0
2012,2,"Rec","VBM",1041694.281717
2012,3,"Rec","VBM",0
2012,4,"Rec","VBM",0
2013,1,"Rec","VBM",0
2013,2,"Rec","VBM",137491.1306563
2013,3,"Rec","VBM",0
2013,4,"Rec","VBM",227001.1555439
2014,1,"Rec","VBM",0
2014,2,"Rec","VBM",1746050.932283
2014,3,"Rec","VBM",145319.598015
2014,4,"Rec","VBM",148959.019381
2015,1,"Rec","VBM",0
2015,2,"Rec","VBM",2279425.0737435
2015,3,"Rec","VBM",268250.8302115
2015,4,"Rec","VBM",2098120.3451814
2016,1,"Rec","VBM",0
2016,2,"Rec","VBM",1667757.9931556
2016,3,"Rec","VBM",273068.6371472
2016,4,"Rec","VBM",245300.041739
2017,1,"Rec","VBM",0
2017,2,"Rec","VBM",1287458.7668381
2017,3,"Rec","VBM",25379.053612
2017,4,"Rec","VBM",513985.028517
2018,1,"Rec","VBM",0
2018,2,"Rec","VBM",894589.229996285
2018,3,"Rec","VBM",5947.017415285
2018,4,"Rec","VBM",1970588.1629495
2019,1,"Rec","VBM",0
2019,2,"Rec","VBM",863689.4149923
2019,3,"Rec","VBM",105905.2653063
2019,4,"Rec","VBM",470826.2595199
2020,1,"Rec","VBM",0
2020,2,"Rec","VBM",469925.29528195
2020,3,"Rec","VBM",7429.02132195
2020,4,"Rec","VBM",211745.1539246
2021,1,"Rec","VBM",0
2021,2,"Rec","VBM",650224.71157335
2021,3,"Rec","VBM",12805.29282235
2021,4,"Rec","VBM",419248.93861895
2022,1,"Rec","VBM",989.86783705
2022,2,"Rec","VBM",622114.2566497
2022,3,"Rec","VBM",25310.3202247
2022,4,"Rec","VBM",558853.7475391
