"JURISDICTION","AREA","SCIENTIFIC_NAME","YEAR","Landings_Tonnes"
"Belize","21","Coryphaena hippurus",2022,20.051
"Canada","21","Coryphaena hippurus",2022,2.545
"Spain","21","Coryphaena hippurus",2022,0.439
"United States of America","21","Coryphaena hippurus",2022,25
"Venezuela (Bolivarian Republic of)","21","Coryphaena hippurus",2022,0
"Antigua and Barbuda","31","Coryphaena hippurus",2022,25
"Barbados","31","Coryphaena hippurus",2022,137.399
"Belize","31","Coryphaena hippurus",2022,0
"Bermuda","31","Coryphaena hippurus",2022,2
"British Virgin Islands","31","Coryphaena hippurus",2022,0
"Costa Rica","31","Coryphaena hippurus",2022,5.058
"Cuba","31","Coryphaena hippurus",2022,8
"Dominica","31","Coryphaena hippurus",2022,70
"Dominican Republic","31","Coryphaena hippurus",2022,900
"Grenada","31","Coryphaena hippurus",2022,51.729
"Guadeloupe","31","Coryphaena hippurus",2022,296
"Martinique","31","Coryphaena hippurus",2022,142
"Mexico","31","Coryphaena hippurus",2022,36.126
"Nicaragua","31","Coryphaena hippurus",2022,0.02
"Puerto Rico","31","Coryphaena hippurus",2022,53.843
"Saint Kitts and Nevis","31","Coryphaena hippurus",2022,15
"Saint Lucia","31","Coryphaena hippurus",2022,288.34
"Saint Vincent and the Grenadines","31","Coryphaena hippurus",2022,70
"Spain","31","Coryphaena hippurus",2022,0.145
"Trinidad and Tobago","31","Coryphaena hippurus",2022,5.835
"United States Virgin Islands","31","Coryphaena hippurus",2022,15
"United States of America","31","Coryphaena hippurus",2022,78
"Venezuela (Bolivarian Republic of)","31","Coryphaena hippurus",2022,57.86
"Belize","21","Coryphaena hippurus",2021,10.858
"Canada","21","Coryphaena hippurus",2021,3.522
"Portugal","21","Coryphaena hippurus",2021,0.9
"Spain","21","Coryphaena hippurus",2021,0.423
"United States of America","21","Coryphaena hippurus",2021,29
"Venezuela (Bolivarian Republic of)","21","Coryphaena hippurus",2021,0
"Antigua and Barbuda","31","Coryphaena hippurus",2021,25
"Barbados","31","Coryphaena hippurus",2021,121
"Belize","31","Coryphaena hippurus",2021,0
"Bermuda","31","Coryphaena hippurus",2021,7
"British Virgin Islands","31","Coryphaena hippurus",2021,3.45
"Costa Rica","31","Coryphaena hippurus",2021,10.746
"Cuba","31","Coryphaena hippurus",2021,9
"Dominica","31","Coryphaena hippurus",2021,69
"Dominican Republic","31","Coryphaena hippurus",2021,880.716
"France","31","Coryphaena hippurus",2021,692.761
"Grenada","31","Coryphaena hippurus",2021,70.031
"Guadeloupe","31","Coryphaena hippurus",2021,585.658
"Martinique","31","Coryphaena hippurus",2021,107.103
"Mexico","31","Coryphaena hippurus",2021,40.426
"Puerto Rico","31","Coryphaena hippurus",2021,46
"Saint Kitts and Nevis","31","Coryphaena hippurus",2021,12.643
"Saint Lucia","31","Coryphaena hippurus",2021,276.27
"Saint Vincent and the Grenadines","31","Coryphaena hippurus",2021,69.807
"Spain","31","Coryphaena hippurus",2021,0.03
"Trinidad and Tobago","31","Coryphaena hippurus",2021,5.243
"United States Virgin Islands","31","Coryphaena hippurus",2021,13.94
"United States of America","31","Coryphaena hippurus",2021,82
"Venezuela (Bolivarian Republic of)","31","Coryphaena hippurus",2021,36.164
"Belize","21","Coryphaena hippurus",2020,20.73
"Canada","21","Coryphaena hippurus",2020,4.402
"Spain","21","Coryphaena hippurus",2020,0.153
"United States of America","21","Coryphaena hippurus",2020,31
"Venezuela (Bolivarian Republic of)","21","Coryphaena hippurus",2020,0
"Antigua and Barbuda","31","Coryphaena hippurus",2020,20
"Barbados","31","Coryphaena hippurus",2020,150
"Belize","31","Coryphaena hippurus",2020,0
"Bermuda","31","Coryphaena hippurus",2020,2.3
"British Virgin Islands","31","Coryphaena hippurus",2020,0
"Costa Rica","31","Coryphaena hippurus",2020,30.792
"Cuba","31","Coryphaena hippurus",2020,10
"Dominica","31","Coryphaena hippurus",2020,107
"Dominican Republic","31","Coryphaena hippurus",2020,702.46
"France","31","Coryphaena hippurus",2020,838.272
"Grenada","31","Coryphaena hippurus",2020,80
"Guadeloupe","31","Coryphaena hippurus",2020,707.146
"Martinique","31","Coryphaena hippurus",2020,131.126
"Mexico","31","Coryphaena hippurus",2020,16.152
"Puerto Rico","31","Coryphaena hippurus",2020,57.926
"Saint Kitts and Nevis","31","Coryphaena hippurus",2020,22
"Saint Lucia","31","Coryphaena hippurus",2020,302.39
"Saint Vincent and the Grenadines","31","Coryphaena hippurus",2020,116.653
"Spain","31","Coryphaena hippurus",2020,0.51
"Trinidad and Tobago","31","Coryphaena hippurus",2020,4.083
"United States Virgin Islands","31","Coryphaena hippurus",2020,9.835
"United States of America","31","Coryphaena hippurus",2020,107
"Venezuela (Bolivarian Republic of)","31","Coryphaena hippurus",2020,35.916
"Belize","21","Coryphaena hippurus",2019,17
"Canada","21","Coryphaena hippurus",2019,13.106
"Spain","21","Coryphaena hippurus",2019,0.322
"United States of America","21","Coryphaena hippurus",2019,124
"Venezuela (Bolivarian Republic of)","21","Coryphaena hippurus",2019,284.894
"Antigua and Barbuda","31","Coryphaena hippurus",2019,22
"Barbados","31","Coryphaena hippurus",2019,186
"Belize","31","Coryphaena hippurus",2019,0
"Bermuda","31","Coryphaena hippurus",2019,5
"British Virgin Islands","31","Coryphaena hippurus",2019,1
"Costa Rica","31","Coryphaena hippurus",2019,35.425
"Cuba","31","Coryphaena hippurus",2019,10
"Dominica","31","Coryphaena hippurus",2019,227
"Dominican Republic","31","Coryphaena hippurus",2019,494.762
"France","31","Coryphaena hippurus",2019,890.263
"Grenada","31","Coryphaena hippurus",2019,90
"Guadeloupe","31","Coryphaena hippurus",2019,777.065
"Martinique","31","Coryphaena hippurus",2019,113.198
"Mexico","31","Coryphaena hippurus",2019,21.878
"Other NEI","31","Coryphaena hippurus",2019,0
"Puerto Rico","31","Coryphaena hippurus",2019,42.583
"Saint Kitts and Nevis","31","Coryphaena hippurus",2019,30
"Saint Lucia","31","Coryphaena hippurus",2019,388.09
"Saint Vincent and the Grenadines","31","Coryphaena hippurus",2019,99
"Trinidad and Tobago","31","Coryphaena hippurus",2019,5.098
"United States Virgin Islands","31","Coryphaena hippurus",2019,8.508
"United States of America","31","Coryphaena hippurus",2019,200
"Venezuela (Bolivarian Republic of)","31","Coryphaena hippurus",2019,836.155
"Belize","21","Coryphaena hippurus",2018,0
"Canada","21","Coryphaena hippurus",2018,5.045
"Spain","21","Coryphaena hippurus",2018,2
"United States of America","21","Coryphaena hippurus",2018,81
"Venezuela (Bolivarian Republic of)","21","Coryphaena hippurus",2018,287.993
"Antigua and Barbuda","31","Coryphaena hippurus",2018,22
"Barbados","31","Coryphaena hippurus",2018,191
"Belize","31","Coryphaena hippurus",2018,0
"Bermuda","31","Coryphaena hippurus",2018,5
"British Virgin Islands","31","Coryphaena hippurus",2018,1
"Costa Rica","31","Coryphaena hippurus",2018,61.711
"Cuba","31","Coryphaena hippurus",2018,16
"Dominica","31","Coryphaena hippurus",2018,209
"Dominican Republic","31","Coryphaena hippurus",2018,278.077
"France","31","Coryphaena hippurus",2018,931.323
"Grenada","31","Coryphaena hippurus",2018,100
"Guadeloupe","31","Coryphaena hippurus",2018,847.249
"Martinique","31","Coryphaena hippurus",2018,84.074
"Mexico","31","Coryphaena hippurus",2018,8
"Other NEI","31","Coryphaena hippurus",2018,0
"Puerto Rico","31","Coryphaena hippurus",2018,37.727
"Saint Kitts and Nevis","31","Coryphaena hippurus",2018,68
"Saint Lucia","31","Coryphaena hippurus",2018,390
"Saint Vincent and the Grenadines","31","Coryphaena hippurus",2018,126
"Trinidad and Tobago","31","Coryphaena hippurus",2018,5.76
"United States Virgin Islands","31","Coryphaena hippurus",2018,9.051
"United States of America","31","Coryphaena hippurus",2018,158
"Venezuela (Bolivarian Republic of)","31","Coryphaena hippurus",2018,836.155
"Belize","21","Coryphaena hippurus",2017,0
"Canada","21","Coryphaena hippurus",2017,26.134
"Spain","21","Coryphaena hippurus",2017,0
"United States of America","21","Coryphaena hippurus",2017,111
"Venezuela (Bolivarian Republic of)","21","Coryphaena hippurus",2017,288.845
"Antigua and Barbuda","31","Coryphaena hippurus",2017,22
"Barbados","31","Coryphaena hippurus",2017,228
"Belize","31","Coryphaena hippurus",2017,0
"Bermuda","31","Coryphaena hippurus",2017,4
"British Virgin Islands","31","Coryphaena hippurus",2017,1
"Costa Rica","31","Coryphaena hippurus",2017,62.963
"Cuba","31","Coryphaena hippurus",2017,16
"Dominica","31","Coryphaena hippurus",2017,228
"Dominican Republic","31","Coryphaena hippurus",2017,421.77
"France","31","Coryphaena hippurus",2017,930.459
"Grenada","31","Coryphaena hippurus",2017,100
"Guadeloupe","31","Coryphaena hippurus",2017,841.337
"Martinique","31","Coryphaena hippurus",2017,89.122
"Mexico","31","Coryphaena hippurus",2017,8
"Other NEI","31","Coryphaena hippurus",2017,0
"Puerto Rico","31","Coryphaena hippurus",2017,21.956
"Saint Kitts and Nevis","31","Coryphaena hippurus",2017,65
"Saint Lucia","31","Coryphaena hippurus",2017,403.089
"Saint Vincent and the Grenadines","31","Coryphaena hippurus",2017,105
"Trinidad and Tobago","31","Coryphaena hippurus",2017,7.556
"United States Virgin Islands","31","Coryphaena hippurus",2017,35.922
"United States of America","31","Coryphaena hippurus",2017,183
"Venezuela (Bolivarian Republic of)","31","Coryphaena hippurus",2017,836.156
"Belize","21","Coryphaena hippurus",2016,9
"Canada","21","Coryphaena hippurus",2016,6.621
"Spain","21","Coryphaena hippurus",2016,0
"United States of America","21","Coryphaena hippurus",2016,196
"Venezuela (Bolivarian Republic of)","21","Coryphaena hippurus",2016,278.945
"Antigua and Barbuda","31","Coryphaena hippurus",2016,22
"Barbados","31","Coryphaena hippurus",2016,405
"Belize","31","Coryphaena hippurus",2016,0
"Bermuda","31","Coryphaena hippurus",2016,3
"British Virgin Islands","31","Coryphaena hippurus",2016,1
"Costa Rica","31","Coryphaena hippurus",2016,108.259
"Cuba","31","Coryphaena hippurus",2016,19
"Dominica","31","Coryphaena hippurus",2016,186
"Dominican Republic","31","Coryphaena hippurus",2016,392.698
"France","31","Coryphaena hippurus",2016,928.375
"Grenada","31","Coryphaena hippurus",2016,100
"Guadeloupe","31","Coryphaena hippurus",2016,830.194
"Martinique","31","Coryphaena hippurus",2016,98.18
"Mexico","31","Coryphaena hippurus",2016,7
"Other NEI","31","Coryphaena hippurus",2016,0
"Puerto Rico","31","Coryphaena hippurus",2016,34.099
"Saint Kitts and Nevis","31","Coryphaena hippurus",2016,64
"Saint Lucia","31","Coryphaena hippurus",2016,435.344
"Saint Vincent and the Grenadines","31","Coryphaena hippurus",2016,6
"Trinidad and Tobago","31","Coryphaena hippurus",2016,20.671
"United States Virgin Islands","31","Coryphaena hippurus",2016,31.273
"United States of America","31","Coryphaena hippurus",2016,231
"Venezuela (Bolivarian Republic of)","31","Coryphaena hippurus",2016,812.055
"Belize","21","Coryphaena hippurus",2015,0
"Canada","21","Coryphaena hippurus",2015,15.019
"Spain","21","Coryphaena hippurus",2015,1
"United States of America","21","Coryphaena hippurus",2015,176
"Venezuela (Bolivarian Republic of)","21","Coryphaena hippurus",2015,322.345
"Antigua and Barbuda","31","Coryphaena hippurus",2015,22
"Barbados","31","Coryphaena hippurus",2015,373
"Belize","31","Coryphaena hippurus",2015,0
"Bermuda","31","Coryphaena hippurus",2015,4
"British Virgin Islands","31","Coryphaena hippurus",2015,1
"Costa Rica","31","Coryphaena hippurus",2015,27
"Cuba","31","Coryphaena hippurus",2015,22
"Dominica","31","Coryphaena hippurus",2015,295
"Dominican Republic","31","Coryphaena hippurus",2015,199.365
"France","31","Coryphaena hippurus",2015,728.399
"Grenada","31","Coryphaena hippurus",2015,105
"Guadeloupe","31","Coryphaena hippurus",2015,644.523
"Martinique","31","Coryphaena hippurus",2015,83.876
"Mexico","31","Coryphaena hippurus",2015,7
"Other NEI","31","Coryphaena hippurus",2015,4
"Puerto Rico","31","Coryphaena hippurus",2015,38.962
"Saint Kitts and Nevis","31","Coryphaena hippurus",2015,52
"Saint Lucia","31","Coryphaena hippurus",2015,505.439
"Saint Vincent and the Grenadines","31","Coryphaena hippurus",2015,0
"Trinidad and Tobago","31","Coryphaena hippurus",2015,23.651
"United States Virgin Islands","31","Coryphaena hippurus",2015,27.708
"United States of America","31","Coryphaena hippurus",2015,343
"Venezuela (Bolivarian Republic of)","31","Coryphaena hippurus",2015,967.655
"Belize","21","Coryphaena hippurus",2014,0
"Canada","21","Coryphaena hippurus",2014,13
"Spain","21","Coryphaena hippurus",2014,2
"United States of America","21","Coryphaena hippurus",2014,239
"Venezuela (Bolivarian Republic of)","21","Coryphaena hippurus",2014,352.831
"Antigua and Barbuda","31","Coryphaena hippurus",2014,59
"Barbados","31","Coryphaena hippurus",2014,278
"Belize","31","Coryphaena hippurus",2014,0
"Bermuda","31","Coryphaena hippurus",2014,4
"British Virgin Islands","31","Coryphaena hippurus",2014,1
"Costa Rica","31","Coryphaena hippurus",2014,27
"Cuba","31","Coryphaena hippurus",2014,22
"Dominica","31","Coryphaena hippurus",2014,278
"Dominican Republic","31","Coryphaena hippurus",2014,137.12
"France","31","Coryphaena hippurus",2014,544.691
"Grenada","31","Coryphaena hippurus",2014,111
"Guadeloupe","31","Coryphaena hippurus",2014,442.784
"Martinique","31","Coryphaena hippurus",2014,101.907
"Mexico","31","Coryphaena hippurus",2014,5
"Other NEI","31","Coryphaena hippurus",2014,4
"Puerto Rico","31","Coryphaena hippurus",2014,34.518
"Saint Kitts and Nevis","31","Coryphaena hippurus",2014,19
"Saint Lucia","31","Coryphaena hippurus",2014,406.867
"Saint Vincent and the Grenadines","31","Coryphaena hippurus",2014,48
"Trinidad and Tobago","31","Coryphaena hippurus",2014,0.502
"United States Virgin Islands","31","Coryphaena hippurus",2014,31.635
"United States of America","31","Coryphaena hippurus",2014,375
"Venezuela (Bolivarian Republic of)","31","Coryphaena hippurus",2014,1147.169
"Belize","21","Coryphaena hippurus",2013,0
"Canada","21","Coryphaena hippurus",2013,33
"Spain","21","Coryphaena hippurus",2013,0
"United States of America","21","Coryphaena hippurus",2013,106
"Venezuela (Bolivarian Republic of)","21","Coryphaena hippurus",2013,362.838
"Antigua and Barbuda","31","Coryphaena hippurus",2013,11
"Barbados","31","Coryphaena hippurus",2013,514
"Belize","31","Coryphaena hippurus",2013,0
"Bermuda","31","Coryphaena hippurus",2013,3
"British Virgin Islands","31","Coryphaena hippurus",2013,1
"Costa Rica","31","Coryphaena hippurus",2013,19
"Cuba","31","Coryphaena hippurus",2013,23
"Dominica","31","Coryphaena hippurus",2013,107
"Dominican Republic","31","Coryphaena hippurus",2013,142.036
"France","31","Coryphaena hippurus",2013,1474
"Grenada","31","Coryphaena hippurus",2013,148
"Guadeloupe","31","Coryphaena hippurus",2013,847.718
"Martinique","31","Coryphaena hippurus",2013,63.857
"Mexico","31","Coryphaena hippurus",2013,2
"Other NEI","31","Coryphaena hippurus",2013,3
"Puerto Rico","31","Coryphaena hippurus",2013,33.876
"Saint Kitts and Nevis","31","Coryphaena hippurus",2013,74
"Saint Lucia","31","Coryphaena hippurus",2013,387
"Saint Vincent and the Grenadines","31","Coryphaena hippurus",2013,86
"Trinidad and Tobago","31","Coryphaena hippurus",2013,12.701
"United States Virgin Islands","31","Coryphaena hippurus",2013,20.124
"United States of America","31","Coryphaena hippurus",2013,271
"Venezuela (Bolivarian Republic of)","31","Coryphaena hippurus",2013,1137.162
"Belize","21","Coryphaena hippurus",2012,0
"Canada","21","Coryphaena hippurus",2012,13
"Spain","21","Coryphaena hippurus",2012,0
"United States of America","21","Coryphaena hippurus",2012,152
"Venezuela (Bolivarian Republic of)","21","Coryphaena hippurus",2012,378.8
"Antigua and Barbuda","31","Coryphaena hippurus",2012,25
"Barbados","31","Coryphaena hippurus",2012,459
"Belize","31","Coryphaena hippurus",2012,0
"Bermuda","31","Coryphaena hippurus",2012,5
"British Virgin Islands","31","Coryphaena hippurus",2012,1
"Costa Rica","31","Coryphaena hippurus",2012,17
"Cuba","31","Coryphaena hippurus",2012,42
"Dominica","31","Coryphaena hippurus",2012,136
"Dominican Republic","31","Coryphaena hippurus",2012,140
"France","31","Coryphaena hippurus",2012,1360
"Grenada","31","Coryphaena hippurus",2012,183
"Guadeloupe","31","Coryphaena hippurus",2012,775.863
"Martinique","31","Coryphaena hippurus",2012,146.749
"Mexico","31","Coryphaena hippurus",2012,2
"Other NEI","31","Coryphaena hippurus",2012,0
"Puerto Rico","31","Coryphaena hippurus",2012,44.901
"Saint Kitts and Nevis","31","Coryphaena hippurus",2012,35
"Saint Lucia","31","Coryphaena hippurus",2012,504
"Saint Vincent and the Grenadines","31","Coryphaena hippurus",2012,84
"Trinidad and Tobago","31","Coryphaena hippurus",2012,0.369
"United States Virgin Islands","31","Coryphaena hippurus",2012,16.724
"United States of America","31","Coryphaena hippurus",2012,274
"Venezuela (Bolivarian Republic of)","31","Coryphaena hippurus",2012,1201.2
"Canada","21","Coryphaena hippurus",2011,7
"Spain","21","Coryphaena hippurus",2011,0
"United States of America","21","Coryphaena hippurus",2011,60
"Antigua and Barbuda","31","Coryphaena hippurus",2011,3
"Barbados","31","Coryphaena hippurus",2011,505
"Belize","31","Coryphaena hippurus",2011,0
"Bermuda","31","Coryphaena hippurus",2011,4
"British Virgin Islands","31","Coryphaena hippurus",2011,1
"Costa Rica","31","Coryphaena hippurus",2011,7
"Cuba","31","Coryphaena hippurus",2011,38
"Dominica","31","Coryphaena hippurus",2011,149
"Dominican Republic","31","Coryphaena hippurus",2011,517
"France","31","Coryphaena hippurus",2011,1737
"Grenada","31","Coryphaena hippurus",2011,189
"Guadeloupe","31","Coryphaena hippurus",2011,1091.977
"Martinique","31","Coryphaena hippurus",2011,146.2
"Mexico","31","Coryphaena hippurus",2011,10
"Other NEI","31","Coryphaena hippurus",2011,0
"Puerto Rico","31","Coryphaena hippurus",2011,45.245
"Saint Kitts and Nevis","31","Coryphaena hippurus",2011,22
"Saint Lucia","31","Coryphaena hippurus",2011,473
"Saint Vincent and the Grenadines","31","Coryphaena hippurus",2011,96
"United States Virgin Islands","31","Coryphaena hippurus",2011,21.849
"United States of America","31","Coryphaena hippurus",2011,346
"Venezuela (Bolivarian Republic of)","31","Coryphaena hippurus",2011,1535
"Canada","21","Coryphaena hippurus",2010,20
"Spain","21","Coryphaena hippurus",2010,0
"United States of America","21","Coryphaena hippurus",2010,128
"Antigua and Barbuda","31","Coryphaena hippurus",2010,2
"Barbados","31","Coryphaena hippurus",2010,465
"Belize","31","Coryphaena hippurus",2010,0
"Bermuda","31","Coryphaena hippurus",2010,4
"British Virgin Islands","31","Coryphaena hippurus",2010,1
"Costa Rica","31","Coryphaena hippurus",2010,5
"Cuba","31","Coryphaena hippurus",2010,32
"Dominica","31","Coryphaena hippurus",2010,180
"Dominican Republic","31","Coryphaena hippurus",2010,259
"France","31","Coryphaena hippurus",2010,819
"Grenada","31","Coryphaena hippurus",2010,132
"Guadeloupe","31","Coryphaena hippurus",2010,708.378
"Martinique","31","Coryphaena hippurus",2010,71.666
"Mexico","31","Coryphaena hippurus",2010,2
"Other NEI","31","Coryphaena hippurus",2010,0
"Puerto Rico","31","Coryphaena hippurus",2010,19.541
"Saint Kitts and Nevis","31","Coryphaena hippurus",2010,11
"Saint Lucia","31","Coryphaena hippurus",2010,352
"Saint Vincent and the Grenadines","31","Coryphaena hippurus",2010,72
"United States Virgin Islands","31","Coryphaena hippurus",2010,26.13
"United States of America","31","Coryphaena hippurus",2010,202
"Venezuela (Bolivarian Republic of)","31","Coryphaena hippurus",2010,900
"Canada","21","Coryphaena hippurus",2009,0
"Spain","21","Coryphaena hippurus",2009,0
"United States of America","21","Coryphaena hippurus",2009,333
"Antigua and Barbuda","31","Coryphaena hippurus",2009,3
"Barbados","31","Coryphaena hippurus",2009,870
"Belize","31","Coryphaena hippurus",2009,0
"Bermuda","31","Coryphaena hippurus",2009,4
"British Virgin Islands","31","Coryphaena hippurus",2009,1
"Costa Rica","31","Coryphaena hippurus",2009,4
"Cuba","31","Coryphaena hippurus",2009,28
"Dominica","31","Coryphaena hippurus",2009,201
"Dominican Republic","31","Coryphaena hippurus",2009,241
"France","31","Coryphaena hippurus",2009,372
"Grenada","31","Coryphaena hippurus",2009,195
"Guadeloupe","31","Coryphaena hippurus",2009,876.85
"Martinique","31","Coryphaena hippurus",2009,48.097
"Mexico","31","Coryphaena hippurus",2009,2
"Other NEI","31","Coryphaena hippurus",2009,0
"Puerto Rico","31","Coryphaena hippurus",2009,49
"Saint Kitts and Nevis","31","Coryphaena hippurus",2009,11
"Saint Lucia","31","Coryphaena hippurus",2009,465
"Saint Vincent and the Grenadines","31","Coryphaena hippurus",2009,118
"United States Virgin Islands","31","Coryphaena hippurus",2009,31
"United States of America","31","Coryphaena hippurus",2009,405
"Venezuela (Bolivarian Republic of)","31","Coryphaena hippurus",2009,1520
"Canada","21","Coryphaena hippurus",2008,0
"Spain","21","Coryphaena hippurus",2008,0
"United States of America","21","Coryphaena hippurus",2008,157
"Antigua and Barbuda","31","Coryphaena hippurus",2008,62
"Barbados","31","Coryphaena hippurus",2008,693
"Belize","31","Coryphaena hippurus",2008,0
"Bermuda","31","Coryphaena hippurus",2008,5
"British Virgin Islands","31","Coryphaena hippurus",2008,1
"Costa Rica","31","Coryphaena hippurus",2008,2
"Cuba","31","Coryphaena hippurus",2008,16
"Dominica","31","Coryphaena hippurus",2008,125
"Dominican Republic","31","Coryphaena hippurus",2008,363
"France","31","Coryphaena hippurus",2008,0
"Grenada","31","Coryphaena hippurus",2008,146
"Guadeloupe","31","Coryphaena hippurus",2008,682.716
"Martinique","31","Coryphaena hippurus",2008,42.163
"Mexico","31","Coryphaena hippurus",2008,2
"Other NEI","31","Coryphaena hippurus",2008,0
"Puerto Rico","31","Coryphaena hippurus",2008,50
"Saint Kitts and Nevis","31","Coryphaena hippurus",2008,10
"Saint Lucia","31","Coryphaena hippurus",2008,341
"Saint Vincent and the Grenadines","31","Coryphaena hippurus",2008,91
"United States Virgin Islands","31","Coryphaena hippurus",2008,34
"United States of America","31","Coryphaena hippurus",2008,328
"Venezuela (Bolivarian Republic of)","31","Coryphaena hippurus",2008,1471
"Canada","21","Coryphaena hippurus",2007,0
"Spain","21","Coryphaena hippurus",2007,0
"United States of America","21","Coryphaena hippurus",2007,219
"Antigua and Barbuda","31","Coryphaena hippurus",2007,10
"Barbados","31","Coryphaena hippurus",2007,428
"Belize","31","Coryphaena hippurus",2007,0
"Bermuda","31","Coryphaena hippurus",2007,4
"British Virgin Islands","31","Coryphaena hippurus",2007,1
"Costa Rica","31","Coryphaena hippurus",2007,2
"Cuba","31","Coryphaena hippurus",2007,23
"Dominica","31","Coryphaena hippurus",2007,170
"Dominican Republic","31","Coryphaena hippurus",2007,1009
"France","31","Coryphaena hippurus",2007,0
"Grenada","31","Coryphaena hippurus",2007,206
"Guadeloupe","31","Coryphaena hippurus",2007,520
"Martinique","31","Coryphaena hippurus",2007,130
"Mexico","31","Coryphaena hippurus",2007,75
"Other NEI","31","Coryphaena hippurus",2007,0
"Puerto Rico","31","Coryphaena hippurus",2007,40
"Saint Kitts and Nevis","31","Coryphaena hippurus",2007,10
"Saint Lucia","31","Coryphaena hippurus",2007,512
"Saint Vincent and the Grenadines","31","Coryphaena hippurus",2007,155
"United States Virgin Islands","31","Coryphaena hippurus",2007,19
"United States of America","31","Coryphaena hippurus",2007,336
"Venezuela (Bolivarian Republic of)","31","Coryphaena hippurus",2007,1286
"Canada","21","Coryphaena hippurus",2006,0
"Spain","21","Coryphaena hippurus",2006,0
"United States of America","21","Coryphaena hippurus",2006,94
"Antigua and Barbuda","31","Coryphaena hippurus",2006,9
"Barbados","31","Coryphaena hippurus",2006,476
"Belize","31","Coryphaena hippurus",2006,0
"Bermuda","31","Coryphaena hippurus",2006,5
"British Virgin Islands","31","Coryphaena hippurus",2006,1
"Costa Rica","31","Coryphaena hippurus",2006,2
"Cuba","31","Coryphaena hippurus",2006,30
"Dominica","31","Coryphaena hippurus",2006,177
"France","31","Coryphaena hippurus",2006,0
"Grenada","31","Coryphaena hippurus",2006,134
"Guadeloupe","31","Coryphaena hippurus",2006,540
"Martinique","31","Coryphaena hippurus",2006,185
"Mexico","31","Coryphaena hippurus",2006,214
"Other NEI","31","Coryphaena hippurus",2006,0
"Puerto Rico","31","Coryphaena hippurus",2006,41
"Saint Kitts and Nevis","31","Coryphaena hippurus",2006,9
"Saint Lucia","31","Coryphaena hippurus",2006,382
"Saint Vincent and the Grenadines","31","Coryphaena hippurus",2006,75
"United States Virgin Islands","31","Coryphaena hippurus",2006,31
"United States of America","31","Coryphaena hippurus",2006,226
"Venezuela (Bolivarian Republic of)","31","Coryphaena hippurus",2006,1327
"Canada","21","Coryphaena hippurus",2005,0
"Spain","21","Coryphaena hippurus",2005,0
"United States of America","21","Coryphaena hippurus",2005,81
"Antigua and Barbuda","31","Coryphaena hippurus",2005,13
"Barbados","31","Coryphaena hippurus",2005,357
"Belize","31","Coryphaena hippurus",2005,0
"Bermuda","31","Coryphaena hippurus",2005,4
"British Virgin Islands","31","Coryphaena hippurus",2005,1
"Costa Rica","31","Coryphaena hippurus",2005,1
"Cuba","31","Coryphaena hippurus",2005,339
"Dominica","31","Coryphaena hippurus",2005,53
"Dominican Republic","31","Coryphaena hippurus",2005,163
"France","31","Coryphaena hippurus",2005,0
"Grenada","31","Coryphaena hippurus",2005,86
"Guadeloupe","31","Coryphaena hippurus",2005,560
"Martinique","31","Coryphaena hippurus",2005,200
"Mexico","31","Coryphaena hippurus",2005,205
"Other NEI","31","Coryphaena hippurus",2005,0
"Puerto Rico","31","Coryphaena hippurus",2005,39
"Saint Kitts and Nevis","31","Coryphaena hippurus",2005,9
"Saint Lucia","31","Coryphaena hippurus",2005,198
"Saint Vincent and the Grenadines","31","Coryphaena hippurus",2005,45
"United States Virgin Islands","31","Coryphaena hippurus",2005,23
"United States of America","31","Coryphaena hippurus",2005,202
"Venezuela (Bolivarian Republic of)","31","Coryphaena hippurus",2005,1843
"Canada","21","Coryphaena hippurus",2004,0
"Spain","21","Coryphaena hippurus",2004,0
"United States of America","21","Coryphaena hippurus",2004,161
"Antigua and Barbuda","31","Coryphaena hippurus",2004,10
"Barbados","31","Coryphaena hippurus",2004,455
"Belize","31","Coryphaena hippurus",2004,0
"Bermuda","31","Coryphaena hippurus",2004,3
"British Virgin Islands","31","Coryphaena hippurus",2004,1
"Costa Rica","31","Coryphaena hippurus",2004,1
"Cuba","31","Coryphaena hippurus",2004,339
"Dominica","31","Coryphaena hippurus",2004,118
"Dominican Republic","31","Coryphaena hippurus",2004,221
"France","31","Coryphaena hippurus",2004,0
"Grenada","31","Coryphaena hippurus",2004,164
"Guadeloupe","31","Coryphaena hippurus",2004,580
"Martinique","31","Coryphaena hippurus",2004,220
"Mexico","31","Coryphaena hippurus",2004,227
"Other NEI","31","Coryphaena hippurus",2004,0
"Puerto Rico","31","Coryphaena hippurus",2004,57
"Saint Kitts and Nevis","31","Coryphaena hippurus",2004,8
"Saint Lucia","31","Coryphaena hippurus",2004,376
"Saint Vincent and the Grenadines","31","Coryphaena hippurus",2004,66
"United States Virgin Islands","31","Coryphaena hippurus",2004,31
"United States of America","31","Coryphaena hippurus",2004,317
"Venezuela (Bolivarian Republic of)","31","Coryphaena hippurus",2004,950
"Canada","21","Coryphaena hippurus",2003,0
"Spain","21","Coryphaena hippurus",2003,0
"United States of America","21","Coryphaena hippurus",2003,115
"Antigua and Barbuda","31","Coryphaena hippurus",2003,7
"Barbados","31","Coryphaena hippurus",2003,458
"Belize","31","Coryphaena hippurus",2003,0
"Bermuda","31","Coryphaena hippurus",2003,6
"British Virgin Islands","31","Coryphaena hippurus",2003,2
"Costa Rica","31","Coryphaena hippurus",2003,1
"Cuba","31","Coryphaena hippurus",2003,331
"Dominica","31","Coryphaena hippurus",2003,153
"Dominican Republic","31","Coryphaena hippurus",2003,197
"France","31","Coryphaena hippurus",2003,0
"Grenada","31","Coryphaena hippurus",2003,130
"Guadeloupe","31","Coryphaena hippurus",2003,600
"Martinique","31","Coryphaena hippurus",2003,220
"Mexico","31","Coryphaena hippurus",2003,283
"Other NEI","31","Coryphaena hippurus",2003,0
"Puerto Rico","31","Coryphaena hippurus",2003,52
"Saint Kitts and Nevis","31","Coryphaena hippurus",2003,25
"Saint Lucia","31","Coryphaena hippurus",2003,286
"Saint Vincent and the Grenadines","31","Coryphaena hippurus",2003,0
"United States Virgin Islands","31","Coryphaena hippurus",2003,16
"United States of America","31","Coryphaena hippurus",2003,265
"Venezuela (Bolivarian Republic of)","31","Coryphaena hippurus",2003,55
"Canada","21","Coryphaena hippurus",2002,0
"Spain","21","Coryphaena hippurus",2002,0
"United States of America","21","Coryphaena hippurus",2002,121
"Antigua and Barbuda","31","Coryphaena hippurus",2002,7
"Barbados","31","Coryphaena hippurus",2002,553
"Belize","31","Coryphaena hippurus",2002,0
"Bermuda","31","Coryphaena hippurus",2002,5
"British Virgin Islands","31","Coryphaena hippurus",2002,1
"Costa Rica","31","Coryphaena hippurus",2002,0
"Cuba","31","Coryphaena hippurus",2002,416
"Dominica","31","Coryphaena hippurus",2002,211
"Dominican Republic","31","Coryphaena hippurus",2002,570
"France","31","Coryphaena hippurus",2002,0
"Grenada","31","Coryphaena hippurus",2002,178
"Guadeloupe","31","Coryphaena hippurus",2002,610
"Martinique","31","Coryphaena hippurus",2002,220
"Mexico","31","Coryphaena hippurus",2002,350
"Other NEI","31","Coryphaena hippurus",2002,0
"Puerto Rico","31","Coryphaena hippurus",2002,53
"Saint Kitts and Nevis","31","Coryphaena hippurus",2002,40
"Saint Lucia","31","Coryphaena hippurus",2002,402
"Saint Vincent and the Grenadines","31","Coryphaena hippurus",2002,0
"United States of America","31","Coryphaena hippurus",2002,253
"Canada","21","Coryphaena hippurus",2001,0
"Spain","21","Coryphaena hippurus",2001,0
"United States of America","21","Coryphaena hippurus",2001,109
"Antigua and Barbuda","31","Coryphaena hippurus",2001,4
"Barbados","31","Coryphaena hippurus",2001,574
"Belize","31","Coryphaena hippurus",2001,0
"Bermuda","31","Coryphaena hippurus",2001,4
"British Virgin Islands","31","Coryphaena hippurus",2001,3
"Costa Rica","31","Coryphaena hippurus",2001,0
"Cuba","31","Coryphaena hippurus",2001,335
"Dominican Republic","31","Coryphaena hippurus",2001,232
"France","31","Coryphaena hippurus",2001,0
"Grenada","31","Coryphaena hippurus",2001,221
"Guadeloupe","31","Coryphaena hippurus",2001,630
"Martinique","31","Coryphaena hippurus",2001,220
"Mexico","31","Coryphaena hippurus",2001,315
"Other NEI","31","Coryphaena hippurus",2001,0
"Puerto Rico","31","Coryphaena hippurus",2001,74
"Saint Kitts and Nevis","31","Coryphaena hippurus",2001,26
"Saint Lucia","31","Coryphaena hippurus",2001,427
"Saint Vincent and the Grenadines","31","Coryphaena hippurus",2001,0
"United States of America","31","Coryphaena hippurus",2001,308
"Canada","21","Coryphaena hippurus",2000,0
"Spain","21","Coryphaena hippurus",2000,0
"United States of America","21","Coryphaena hippurus",2000,109
"Barbados","31","Coryphaena hippurus",2000,728
"Belize","31","Coryphaena hippurus",2000,0
"Bermuda","31","Coryphaena hippurus",2000,0
"British Virgin Islands","31","Coryphaena hippurus",2000,1
"Costa Rica","31","Coryphaena hippurus",2000,0
"Cuba","31","Coryphaena hippurus",2000,386
"Dominican Republic","31","Coryphaena hippurus",2000,255
"France","31","Coryphaena hippurus",2000,0
"Grenada","31","Coryphaena hippurus",2000,167
"Guadeloupe","31","Coryphaena hippurus",2000,650
"Martinique","31","Coryphaena hippurus",2000,250
"Mexico","31","Coryphaena hippurus",2000,308
"Other NEI","31","Coryphaena hippurus",2000,0
"Puerto Rico","31","Coryphaena hippurus",2000,111
"Saint Kitts and Nevis","31","Coryphaena hippurus",2000,26
"Saint Lucia","31","Coryphaena hippurus",2000,552
"Saint Vincent and the Grenadines","31","Coryphaena hippurus",2000,0
"United States of America","31","Coryphaena hippurus",2000,418
"Venezuela (Bolivarian Republic of)","31","Coryphaena hippurus",2000,141
"Canada","21","Coryphaena hippurus",1999,0
"Spain","21","Coryphaena hippurus",1999,0
"United States of America","21","Coryphaena hippurus",1999,143
"Barbados","31","Coryphaena hippurus",1999,745
"Belize","31","Coryphaena hippurus",1999,0
"Bermuda","31","Coryphaena hippurus",1999,0
"British Virgin Islands","31","Coryphaena hippurus",1999,3
"Costa Rica","31","Coryphaena hippurus",1999,0
"Cuba","31","Coryphaena hippurus",1999,591
"Dominican Republic","31","Coryphaena hippurus",1999,175
"France","31","Coryphaena hippurus",1999,0
"Grenada","31","Coryphaena hippurus",1999,162
"Guadeloupe","31","Coryphaena hippurus",1999,670
"Martinique","31","Coryphaena hippurus",1999,300
"Mexico","31","Coryphaena hippurus",1999,376
"Other NEI","31","Coryphaena hippurus",1999,0
"Puerto Rico","31","Coryphaena hippurus",1999,83
"Saint Kitts and Nevis","31","Coryphaena hippurus",1999,13
"Saint Lucia","31","Coryphaena hippurus",1999,588
"Saint Vincent and the Grenadines","31","Coryphaena hippurus",1999,0
"United States of America","31","Coryphaena hippurus",1999,412
"Venezuela (Bolivarian Republic of)","31","Coryphaena hippurus",1999,290
"Canada","21","Coryphaena hippurus",1998,0
"Spain","21","Coryphaena hippurus",1998,0
"United States of America","21","Coryphaena hippurus",1998,113
"Barbados","31","Coryphaena hippurus",1998,482
"Belize","31","Coryphaena hippurus",1998,0
"Bermuda","31","Coryphaena hippurus",1998,0
"British Virgin Islands","31","Coryphaena hippurus",1998,2
"Costa Rica","31","Coryphaena hippurus",1998,0
"Dominican Republic","31","Coryphaena hippurus",1998,151
"France","31","Coryphaena hippurus",1998,0
"Grenada","31","Coryphaena hippurus",1998,153
"Guadeloupe","31","Coryphaena hippurus",1998,670
"Martinique","31","Coryphaena hippurus",1998,320
"Mexico","31","Coryphaena hippurus",1998,1078
"Other NEI","31","Coryphaena hippurus",1998,0
"Saint Kitts and Nevis","31","Coryphaena hippurus",1998,34
"Saint Lucia","31","Coryphaena hippurus",1998,264
"Saint Vincent and the Grenadines","31","Coryphaena hippurus",1998,0
"United States of America","31","Coryphaena hippurus",1998,308
"Canada","21","Coryphaena hippurus",1997,0
"Spain","21","Coryphaena hippurus",1997,0
"United States of America","21","Coryphaena hippurus",1997,158
"Barbados","31","Coryphaena hippurus",1997,721
"Belize","31","Coryphaena hippurus",1997,0
"Bermuda","31","Coryphaena hippurus",1997,0
"British Virgin Islands","31","Coryphaena hippurus",1997,3
"Costa Rica","31","Coryphaena hippurus",1997,0
"Cuba","31","Coryphaena hippurus",1997,362
"Dominican Republic","31","Coryphaena hippurus",1997,113
"France","31","Coryphaena hippurus",1997,0
"Grenada","31","Coryphaena hippurus",1997,171
"Guadeloupe","31","Coryphaena hippurus",1997,800
"Martinique","31","Coryphaena hippurus",1997,350
"Mexico","31","Coryphaena hippurus",1997,871
"Other NEI","31","Coryphaena hippurus",1997,0
"Saint Kitts and Nevis","31","Coryphaena hippurus",1997,20
"Saint Lucia","31","Coryphaena hippurus",1997,455
"Saint Vincent and the Grenadines","31","Coryphaena hippurus",1997,0
"United States of America","31","Coryphaena hippurus",1997,743
"Canada","21","Coryphaena hippurus",1996,0
"Spain","21","Coryphaena hippurus",1996,0
"United States of America","21","Coryphaena hippurus",1996,82
"Barbados","31","Coryphaena hippurus",1996,849
"Belize","31","Coryphaena hippurus",1996,0
"Bermuda","31","Coryphaena hippurus",1996,0
"British Virgin Islands","31","Coryphaena hippurus",1996,6
"Costa Rica","31","Coryphaena hippurus",1996,0
"Cuba","31","Coryphaena hippurus",1996,5
"Dominican Republic","31","Coryphaena hippurus",1996,237
"France","31","Coryphaena hippurus",1996,0
"Grenada","31","Coryphaena hippurus",1996,130
"Guadeloupe","31","Coryphaena hippurus",1996,730
"Martinique","31","Coryphaena hippurus",1996,250
"Mexico","31","Coryphaena hippurus",1996,244
"Other NEI","31","Coryphaena hippurus",1996,0
"Saint Kitts and Nevis","31","Coryphaena hippurus",1996,13
"Saint Lucia","31","Coryphaena hippurus",1996,351
"Saint Vincent and the Grenadines","31","Coryphaena hippurus",1996,0
"United States of America","31","Coryphaena hippurus",1996,665
"Canada","21","Coryphaena hippurus",1995,0
"Spain","21","Coryphaena hippurus",1995,0
"United States of America","21","Coryphaena hippurus",1995,257
"Barbados","31","Coryphaena hippurus",1995,758
"Belize","31","Coryphaena hippurus",1995,0
"Bermuda","31","Coryphaena hippurus",1995,0
"British Virgin Islands","31","Coryphaena hippurus",1995,2
"Costa Rica","31","Coryphaena hippurus",1995,0
"Cuba","31","Coryphaena hippurus",1995,0
"Dominican Republic","31","Coryphaena hippurus",1995,89
"France","31","Coryphaena hippurus",1995,0
"Grenada","31","Coryphaena hippurus",1995,182
"Guadeloupe","31","Coryphaena hippurus",1995,700
"Martinique","31","Coryphaena hippurus",1995,350
"Mexico","31","Coryphaena hippurus",1995,88
"Other NEI","31","Coryphaena hippurus",1995,0
"Saint Kitts and Nevis","31","Coryphaena hippurus",1995,3
"Saint Lucia","31","Coryphaena hippurus",1995,200
"Saint Vincent and the Grenadines","31","Coryphaena hippurus",1995,0
"United States of America","31","Coryphaena hippurus",1995,902
"Venezuela (Bolivarian Republic of)","31","Coryphaena hippurus",1995,447
"Canada","21","Coryphaena hippurus",1994,0
"Spain","21","Coryphaena hippurus",1994,0
"United States of America","21","Coryphaena hippurus",1994,53
"Barbados","31","Coryphaena hippurus",1994,499
"Belize","31","Coryphaena hippurus",1994,0
"Bermuda","31","Coryphaena hippurus",1994,0
"British Virgin Islands","31","Coryphaena hippurus",1994,5
"Costa Rica","31","Coryphaena hippurus",1994,0
"Cuba","31","Coryphaena hippurus",1994,0
"Dominican Republic","31","Coryphaena hippurus",1994,405
"France","31","Coryphaena hippurus",1994,0
"Grenada","31","Coryphaena hippurus",1994,124
"Guadeloupe","31","Coryphaena hippurus",1994,650
"Martinique","31","Coryphaena hippurus",1994,400
"Mexico","31","Coryphaena hippurus",1994,175
"Other NEI","31","Coryphaena hippurus",1994,0
"Saint Lucia","31","Coryphaena hippurus",1994,144
"Saint Vincent and the Grenadines","31","Coryphaena hippurus",1994,0
"United States of America","31","Coryphaena hippurus",1994,620
"Venezuela (Bolivarian Republic of)","31","Coryphaena hippurus",1994,274
"Canada","21","Coryphaena hippurus",1993,0
"Spain","21","Coryphaena hippurus",1993,0
"United States of America","21","Coryphaena hippurus",1993,81
"Barbados","31","Coryphaena hippurus",1993,513
"Belize","31","Coryphaena hippurus",1993,0
"Bermuda","31","Coryphaena hippurus",1993,0
"Costa Rica","31","Coryphaena hippurus",1993,0
"Cuba","31","Coryphaena hippurus",1993,0
"Dominican Republic","31","Coryphaena hippurus",1993,225
"France","31","Coryphaena hippurus",1993,0
"Grenada","31","Coryphaena hippurus",1993,103
"Guadeloupe","31","Coryphaena hippurus",1993,650
"Martinique","31","Coryphaena hippurus",1993,400
"Mexico","31","Coryphaena hippurus",1993,49
"Other NEI","31","Coryphaena hippurus",1993,0
"Saint Vincent and the Grenadines","31","Coryphaena hippurus",1993,0
"United States of America","31","Coryphaena hippurus",1993,496
"Venezuela (Bolivarian Republic of)","31","Coryphaena hippurus",1993,244
"Canada","21","Coryphaena hippurus",1992,0
"Spain","21","Coryphaena hippurus",1992,0
"United States of America","21","Coryphaena hippurus",1992,55
"Barbados","31","Coryphaena hippurus",1992,1470
"Belize","31","Coryphaena hippurus",1992,0
"Bermuda","31","Coryphaena hippurus",1992,0
"Costa Rica","31","Coryphaena hippurus",1992,0
"Cuba","31","Coryphaena hippurus",1992,0
"Dominican Republic","31","Coryphaena hippurus",1992,200
"France","31","Coryphaena hippurus",1992,0
"Grenada","31","Coryphaena hippurus",1992,157
"Guadeloupe","31","Coryphaena hippurus",1992,640
"Martinique","31","Coryphaena hippurus",1992,330
"Mexico","31","Coryphaena hippurus",1992,39
"Other NEI","31","Coryphaena hippurus",1992,0
"Saint Vincent and the Grenadines","31","Coryphaena hippurus",1992,0
"United States of America","31","Coryphaena hippurus",1992,506
"Venezuela (Bolivarian Republic of)","31","Coryphaena hippurus",1992,208
"Canada","21","Coryphaena hippurus",1991,0
"Spain","21","Coryphaena hippurus",1991,0
"United States of America","21","Coryphaena hippurus",1991,73
"Barbados","31","Coryphaena hippurus",1991,715
"Belize","31","Coryphaena hippurus",1991,0
"Bermuda","31","Coryphaena hippurus",1991,0
"Costa Rica","31","Coryphaena hippurus",1991,0
"Cuba","31","Coryphaena hippurus",1991,0
"Dominican Republic","31","Coryphaena hippurus",1991,150
"France","31","Coryphaena hippurus",1991,0
"Grenada","31","Coryphaena hippurus",1991,154
"Guadeloupe","31","Coryphaena hippurus",1991,640
"Martinique","31","Coryphaena hippurus",1991,350
"Mexico","31","Coryphaena hippurus",1991,20
"Other NEI","31","Coryphaena hippurus",1991,0
"Saint Vincent and the Grenadines","31","Coryphaena hippurus",1991,0
"United States of America","31","Coryphaena hippurus",1991,945
"Venezuela (Bolivarian Republic of)","31","Coryphaena hippurus",1991,191
"Canada","21","Coryphaena hippurus",1990,0
"Spain","21","Coryphaena hippurus",1990,0
"United States of America","21","Coryphaena hippurus",1990,52
"Barbados","31","Coryphaena hippurus",1990,906
"Belize","31","Coryphaena hippurus",1990,0
"Bermuda","31","Coryphaena hippurus",1990,0
"Costa Rica","31","Coryphaena hippurus",1990,0
"Cuba","31","Coryphaena hippurus",1990,0
"Dominican Republic","31","Coryphaena hippurus",1990,230
"France","31","Coryphaena hippurus",1990,0
"Grenada","31","Coryphaena hippurus",1990,137
"Guadeloupe","31","Coryphaena hippurus",1990,700
"Martinique","31","Coryphaena hippurus",1990,185
"Mexico","31","Coryphaena hippurus",1990,12
"Other NEI","31","Coryphaena hippurus",1990,0
"Saint Vincent and the Grenadines","31","Coryphaena hippurus",1990,0
"United States of America","31","Coryphaena hippurus",1990,718
"Venezuela (Bolivarian Republic of)","31","Coryphaena hippurus",1990,50
"Canada","21","Coryphaena hippurus",1989,0
"Spain","21","Coryphaena hippurus",1989,0
"United States of America","21","Coryphaena hippurus",1989,73
"Barbados","31","Coryphaena hippurus",1989,670
"Belize","31","Coryphaena hippurus",1989,0
"Bermuda","31","Coryphaena hippurus",1989,0
"Costa Rica","31","Coryphaena hippurus",1989,0
"Cuba","31","Coryphaena hippurus",1989,0
"Dominican Republic","31","Coryphaena hippurus",1989,254
"France","31","Coryphaena hippurus",1989,0
"Grenada","31","Coryphaena hippurus",1989,54
"Guadeloupe","31","Coryphaena hippurus",1989,680
"Martinique","31","Coryphaena hippurus",1989,184
"Mexico","31","Coryphaena hippurus",1989,14
"Other NEI","31","Coryphaena hippurus",1989,0
"Saint Vincent and the Grenadines","31","Coryphaena hippurus",1989,0
"United States of America","31","Coryphaena hippurus",1989,618
"Canada","21","Coryphaena hippurus",1988,0
"Spain","21","Coryphaena hippurus",1988,0
"United States of America","21","Coryphaena hippurus",1988,31
"Barbados","31","Coryphaena hippurus",1988,2011
"Belize","31","Coryphaena hippurus",1988,0
"Bermuda","31","Coryphaena hippurus",1988,0
"Costa Rica","31","Coryphaena hippurus",1988,0
"Cuba","31","Coryphaena hippurus",1988,0
"Dominican Republic","31","Coryphaena hippurus",1988,92
"France","31","Coryphaena hippurus",1988,0
"Grenada","31","Coryphaena hippurus",1988,71
"Guadeloupe","31","Coryphaena hippurus",1988,670
"Martinique","31","Coryphaena hippurus",1988,170
"Mexico","31","Coryphaena hippurus",1988,12
"Other NEI","31","Coryphaena hippurus",1988,0
"Saint Vincent and the Grenadines","31","Coryphaena hippurus",1988,0
"United States of America","31","Coryphaena hippurus",1988,315
"Canada","21","Coryphaena hippurus",1987,0
"Spain","21","Coryphaena hippurus",1987,0
"United States of America","21","Coryphaena hippurus",1987,17
"Barbados","31","Coryphaena hippurus",1987,708
"Belize","31","Coryphaena hippurus",1987,0
"Bermuda","31","Coryphaena hippurus",1987,0
"Costa Rica","31","Coryphaena hippurus",1987,0
"Cuba","31","Coryphaena hippurus",1987,0
"Dominican Republic","31","Coryphaena hippurus",1987,53
"France","31","Coryphaena hippurus",1987,0
"Grenada","31","Coryphaena hippurus",1987,46
"Guadeloupe","31","Coryphaena hippurus",1987,700
"Martinique","31","Coryphaena hippurus",1987,220
"Mexico","31","Coryphaena hippurus",1987,13
"Other NEI","31","Coryphaena hippurus",1987,0
"Saint Vincent and the Grenadines","31","Coryphaena hippurus",1987,0
"United States of America","31","Coryphaena hippurus",1987,177
"Canada","21","Coryphaena hippurus",1986,0
"Spain","21","Coryphaena hippurus",1986,0
"United States of America","21","Coryphaena hippurus",1986,6
"Barbados","31","Coryphaena hippurus",1986,912
"Belize","31","Coryphaena hippurus",1986,0
"Bermuda","31","Coryphaena hippurus",1986,0
"Costa Rica","31","Coryphaena hippurus",1986,0
"Cuba","31","Coryphaena hippurus",1986,0
"Dominican Republic","31","Coryphaena hippurus",1986,82
"France","31","Coryphaena hippurus",1986,0
"Grenada","31","Coryphaena hippurus",1986,68
"Guadeloupe","31","Coryphaena hippurus",1986,690
"Martinique","31","Coryphaena hippurus",1986,287
"Mexico","31","Coryphaena hippurus",1986,6
"Other NEI","31","Coryphaena hippurus",1986,0
"Saint Vincent and the Grenadines","31","Coryphaena hippurus",1986,0
"United States of America","31","Coryphaena hippurus",1986,213
"Canada","21","Coryphaena hippurus",1985,0
"Spain","21","Coryphaena hippurus",1985,0
"United States of America","21","Coryphaena hippurus",1985,11
"Barbados","31","Coryphaena hippurus",1985,1278
"Belize","31","Coryphaena hippurus",1985,0
"Bermuda","31","Coryphaena hippurus",1985,0
"Costa Rica","31","Coryphaena hippurus",1985,0
"Cuba","31","Coryphaena hippurus",1985,0
"Dominican Republic","31","Coryphaena hippurus",1985,60
"France","31","Coryphaena hippurus",1985,0
"Grenada","31","Coryphaena hippurus",1985,37
"Guadeloupe","31","Coryphaena hippurus",1985,680
"Martinique","31","Coryphaena hippurus",1985,327
"Mexico","31","Coryphaena hippurus",1985,18
"Other NEI","31","Coryphaena hippurus",1985,0
"Saint Vincent and the Grenadines","31","Coryphaena hippurus",1985,0
"United States of America","31","Coryphaena hippurus",1985,139
"Canada","21","Coryphaena hippurus",1984,0
"Spain","21","Coryphaena hippurus",1984,0
"United States of America","21","Coryphaena hippurus",1984,5
"Barbados","31","Coryphaena hippurus",1984,588
"Belize","31","Coryphaena hippurus",1984,0
"Bermuda","31","Coryphaena hippurus",1984,0
"Costa Rica","31","Coryphaena hippurus",1984,0
"Cuba","31","Coryphaena hippurus",1984,0
"Dominican Republic","31","Coryphaena hippurus",1984,98
"France","31","Coryphaena hippurus",1984,0
"Grenada","31","Coryphaena hippurus",1984,30
"Guadeloupe","31","Coryphaena hippurus",1984,730
"Martinique","31","Coryphaena hippurus",1984,368
"Mexico","31","Coryphaena hippurus",1984,11
"Other NEI","31","Coryphaena hippurus",1984,0
"Saint Vincent and the Grenadines","31","Coryphaena hippurus",1984,0
"United States of America","31","Coryphaena hippurus",1984,189
"Canada","21","Coryphaena hippurus",1983,0
"Spain","21","Coryphaena hippurus",1983,0
"United States of America","21","Coryphaena hippurus",1983,4
"Barbados","31","Coryphaena hippurus",1983,1341
"Belize","31","Coryphaena hippurus",1983,0
"Bermuda","31","Coryphaena hippurus",1983,0
"Costa Rica","31","Coryphaena hippurus",1983,0
"Cuba","31","Coryphaena hippurus",1983,0
"Dominican Republic","31","Coryphaena hippurus",1983,124
"France","31","Coryphaena hippurus",1983,0
"Grenada","31","Coryphaena hippurus",1983,95
"Guadeloupe","31","Coryphaena hippurus",1983,720
"Martinique","31","Coryphaena hippurus",1983,363
"Mexico","31","Coryphaena hippurus",1983,40
"Other NEI","31","Coryphaena hippurus",1983,0
"Saint Vincent and the Grenadines","31","Coryphaena hippurus",1983,0
"United States of America","31","Coryphaena hippurus",1983,141
"Canada","21","Coryphaena hippurus",1982,0
"Spain","21","Coryphaena hippurus",1982,0
"United States of America","21","Coryphaena hippurus",1982,2
"Barbados","31","Coryphaena hippurus",1982,585
"Belize","31","Coryphaena hippurus",1982,0
"Bermuda","31","Coryphaena hippurus",1982,0
"Costa Rica","31","Coryphaena hippurus",1982,0
"Cuba","31","Coryphaena hippurus",1982,0
"Dominican Republic","31","Coryphaena hippurus",1982,135
"France","31","Coryphaena hippurus",1982,0
"Grenada","31","Coryphaena hippurus",1982,45
"Guadeloupe","31","Coryphaena hippurus",1982,710
"Martinique","31","Coryphaena hippurus",1982,391
"Mexico","31","Coryphaena hippurus",1982,30
"Other NEI","31","Coryphaena hippurus",1982,0
"Saint Vincent and the Grenadines","31","Coryphaena hippurus",1982,0
"United States of America","31","Coryphaena hippurus",1982,120
"Canada","21","Coryphaena hippurus",1981,0
"Spain","21","Coryphaena hippurus",1981,0
"United States of America","21","Coryphaena hippurus",1981,1
"Barbados","31","Coryphaena hippurus",1981,543
"Belize","31","Coryphaena hippurus",1981,0
"Bermuda","31","Coryphaena hippurus",1981,0
"Costa Rica","31","Coryphaena hippurus",1981,0
"Cuba","31","Coryphaena hippurus",1981,0
"Dominican Republic","31","Coryphaena hippurus",1981,195
"France","31","Coryphaena hippurus",1981,0
"Grenada","31","Coryphaena hippurus",1981,22
"Guadeloupe","31","Coryphaena hippurus",1981,680
"Martinique","31","Coryphaena hippurus",1981,334
"Mexico","31","Coryphaena hippurus",1981,34
"Other NEI","31","Coryphaena hippurus",1981,0
"Saint Vincent and the Grenadines","31","Coryphaena hippurus",1981,0
"United States of America","31","Coryphaena hippurus",1981,58
"Canada","21","Coryphaena hippurus",1980,0
"Spain","21","Coryphaena hippurus",1980,0
"United States of America","21","Coryphaena hippurus",1980,1
"Barbados","31","Coryphaena hippurus",1980,619
"Belize","31","Coryphaena hippurus",1980,0
"Bermuda","31","Coryphaena hippurus",1980,0
"Costa Rica","31","Coryphaena hippurus",1980,0
"Cuba","31","Coryphaena hippurus",1980,0
"Dominican Republic","31","Coryphaena hippurus",1980,205
"France","31","Coryphaena hippurus",1980,0
"Grenada","31","Coryphaena hippurus",1980,31
"Guadeloupe","31","Coryphaena hippurus",1980,650
"Martinique","31","Coryphaena hippurus",1980,355
"Mexico","31","Coryphaena hippurus",1980,5
"Other NEI","31","Coryphaena hippurus",1980,0
"Saint Vincent and the Grenadines","31","Coryphaena hippurus",1980,0
"United States of America","31","Coryphaena hippurus",1980,78
"Canada","21","Coryphaena hippurus",1979,0
"Spain","21","Coryphaena hippurus",1979,0
"United States of America","21","Coryphaena hippurus",1979,0
"Barbados","31","Coryphaena hippurus",1979,1040
"Belize","31","Coryphaena hippurus",1979,0
"Bermuda","31","Coryphaena hippurus",1979,0
"Costa Rica","31","Coryphaena hippurus",1979,0
"Cuba","31","Coryphaena hippurus",1979,0
"Dominican Republic","31","Coryphaena hippurus",1979,187
"France","31","Coryphaena hippurus",1979,0
"Grenada","31","Coryphaena hippurus",1979,36
"Guadeloupe","31","Coryphaena hippurus",1979,700
"Martinique","31","Coryphaena hippurus",1979,333
"Mexico","31","Coryphaena hippurus",1979,1
"Other NEI","31","Coryphaena hippurus",1979,0
"Saint Vincent and the Grenadines","31","Coryphaena hippurus",1979,0
"United States of America","31","Coryphaena hippurus",1979,52
"Canada","21","Coryphaena hippurus",1978,0
"Spain","21","Coryphaena hippurus",1978,0
"United States of America","21","Coryphaena hippurus",1978,0
"Barbados","31","Coryphaena hippurus",1978,862
"Belize","31","Coryphaena hippurus",1978,0
"Bermuda","31","Coryphaena hippurus",1978,0
"Costa Rica","31","Coryphaena hippurus",1978,0
"Cuba","31","Coryphaena hippurus",1978,0
"Dominican Republic","31","Coryphaena hippurus",1978,65
"France","31","Coryphaena hippurus",1978,0
"Grenada","31","Coryphaena hippurus",1978,31
"Guadeloupe","31","Coryphaena hippurus",1978,740
"Martinique","31","Coryphaena hippurus",1978,438
"Mexico","31","Coryphaena hippurus",1978,6
"Other NEI","31","Coryphaena hippurus",1978,0
"Saint Vincent and the Grenadines","31","Coryphaena hippurus",1978,0
"United States of America","31","Coryphaena hippurus",1978,73
"Canada","21","Coryphaena hippurus",1977,0
"Spain","21","Coryphaena hippurus",1977,0
"United States of America","21","Coryphaena hippurus",1977,0
"Barbados","31","Coryphaena hippurus",1977,741
"Belize","31","Coryphaena hippurus",1977,0
"Bermuda","31","Coryphaena hippurus",1977,0
"Costa Rica","31","Coryphaena hippurus",1977,0
"Cuba","31","Coryphaena hippurus",1977,0
"Dominican Republic","31","Coryphaena hippurus",1977,56
"France","31","Coryphaena hippurus",1977,0
"Grenada","31","Coryphaena hippurus",1977,282
"Guadeloupe","31","Coryphaena hippurus",1977,780
"Martinique","31","Coryphaena hippurus",1977,388
"Mexico","31","Coryphaena hippurus",1977,10
"Other NEI","31","Coryphaena hippurus",1977,0
"Saint Vincent and the Grenadines","31","Coryphaena hippurus",1977,0
"United States of America","31","Coryphaena hippurus",1977,66
"Canada","21","Coryphaena hippurus",1976,0
"Spain","21","Coryphaena hippurus",1976,0
"United States of America","21","Coryphaena hippurus",1976,0
"Barbados","31","Coryphaena hippurus",1976,1208
"Belize","31","Coryphaena hippurus",1976,0
"Bermuda","31","Coryphaena hippurus",1976,0
"Costa Rica","31","Coryphaena hippurus",1976,0
"Cuba","31","Coryphaena hippurus",1976,0
"Dominican Republic","31","Coryphaena hippurus",1976,104
"France","31","Coryphaena hippurus",1976,0
"Grenada","31","Coryphaena hippurus",1976,0
"Guadeloupe","31","Coryphaena hippurus",1976,500
"Martinique","31","Coryphaena hippurus",1976,481
"Mexico","31","Coryphaena hippurus",1976,9
"Other NEI","31","Coryphaena hippurus",1976,0
"Saint Vincent and the Grenadines","31","Coryphaena hippurus",1976,0
"United States of America","31","Coryphaena hippurus",1976,52
"Canada","21","Coryphaena hippurus",1975,0
"Spain","21","Coryphaena hippurus",1975,0
"United States of America","21","Coryphaena hippurus",1975,0
"Barbados","31","Coryphaena hippurus",1975,1012
"Belize","31","Coryphaena hippurus",1975,0
"Bermuda","31","Coryphaena hippurus",1975,0
"Costa Rica","31","Coryphaena hippurus",1975,0
"Cuba","31","Coryphaena hippurus",1975,0
"Dominican Republic","31","Coryphaena hippurus",1975,149
"France","31","Coryphaena hippurus",1975,0
"Grenada","31","Coryphaena hippurus",1975,0
"Guadeloupe","31","Coryphaena hippurus",1975,400
"Martinique","31","Coryphaena hippurus",1975,388
"Mexico","31","Coryphaena hippurus",1975,20
"Other NEI","31","Coryphaena hippurus",1975,0
"Saint Vincent and the Grenadines","31","Coryphaena hippurus",1975,0
"United States of America","31","Coryphaena hippurus",1975,60
"Canada","21","Coryphaena hippurus",1974,0
"Spain","21","Coryphaena hippurus",1974,0
"United States of America","21","Coryphaena hippurus",1974,0
"Barbados","31","Coryphaena hippurus",1974,614
"Belize","31","Coryphaena hippurus",1974,0
"Bermuda","31","Coryphaena hippurus",1974,0
"Costa Rica","31","Coryphaena hippurus",1974,0
"Cuba","31","Coryphaena hippurus",1974,0
"Dominican Republic","31","Coryphaena hippurus",1974,156
"France","31","Coryphaena hippurus",1974,0
"Grenada","31","Coryphaena hippurus",1974,0
"Guadeloupe","31","Coryphaena hippurus",1974,500
"Martinique","31","Coryphaena hippurus",1974,271
"Mexico","31","Coryphaena hippurus",1974,27
"Other NEI","31","Coryphaena hippurus",1974,0
"Saint Vincent and the Grenadines","31","Coryphaena hippurus",1974,0
"United States of America","31","Coryphaena hippurus",1974,39
"Canada","21","Coryphaena hippurus",1973,0
"Spain","21","Coryphaena hippurus",1973,0
"United States of America","21","Coryphaena hippurus",1973,0
"Barbados","31","Coryphaena hippurus",1973,600
"Belize","31","Coryphaena hippurus",1973,0
"Bermuda","31","Coryphaena hippurus",1973,0
"Costa Rica","31","Coryphaena hippurus",1973,0
"Cuba","31","Coryphaena hippurus",1973,0
"Dominican Republic","31","Coryphaena hippurus",1973,100
"France","31","Coryphaena hippurus",1973,0
"Grenada","31","Coryphaena hippurus",1973,0
"Guadeloupe","31","Coryphaena hippurus",1973,500
"Martinique","31","Coryphaena hippurus",1973,300
"Mexico","31","Coryphaena hippurus",1973,0
"Other NEI","31","Coryphaena hippurus",1973,0
"Saint Vincent and the Grenadines","31","Coryphaena hippurus",1973,0
"United States of America","31","Coryphaena hippurus",1973,0
"Canada","21","Coryphaena hippurus",1972,0
"Spain","21","Coryphaena hippurus",1972,0
"United States of America","21","Coryphaena hippurus",1972,0
"Barbados","31","Coryphaena hippurus",1972,500
"Belize","31","Coryphaena hippurus",1972,0
"Bermuda","31","Coryphaena hippurus",1972,0
"Costa Rica","31","Coryphaena hippurus",1972,0
"Cuba","31","Coryphaena hippurus",1972,0
"Dominican Republic","31","Coryphaena hippurus",1972,100
"France","31","Coryphaena hippurus",1972,0
"Grenada","31","Coryphaena hippurus",1972,0
"Guadeloupe","31","Coryphaena hippurus",1972,500
"Martinique","31","Coryphaena hippurus",1972,600
"Mexico","31","Coryphaena hippurus",1972,0
"Other NEI","31","Coryphaena hippurus",1972,0
"Saint Vincent and the Grenadines","31","Coryphaena hippurus",1972,0
"United States of America","31","Coryphaena hippurus",1972,0
"Canada","21","Coryphaena hippurus",1971,0
"Spain","21","Coryphaena hippurus",1971,0
"United States of America","21","Coryphaena hippurus",1971,0
"Barbados","31","Coryphaena hippurus",1971,500
"Belize","31","Coryphaena hippurus",1971,0
"Bermuda","31","Coryphaena hippurus",1971,0
"Costa Rica","31","Coryphaena hippurus",1971,0
"Cuba","31","Coryphaena hippurus",1971,0
"Dominican Republic","31","Coryphaena hippurus",1971,100
"France","31","Coryphaena hippurus",1971,0
"Grenada","31","Coryphaena hippurus",1971,0
"Guadeloupe","31","Coryphaena hippurus",1971,500
"Martinique","31","Coryphaena hippurus",1971,700
"Mexico","31","Coryphaena hippurus",1971,0
"Other NEI","31","Coryphaena hippurus",1971,0
"Saint Vincent and the Grenadines","31","Coryphaena hippurus",1971,0
"United States of America","31","Coryphaena hippurus",1971,0
"Canada","21","Coryphaena hippurus",1970,0
"Spain","21","Coryphaena hippurus",1970,0
"United States of America","21","Coryphaena hippurus",1970,0
"Barbados","31","Coryphaena hippurus",1970,500
"Belize","31","Coryphaena hippurus",1970,0
"Bermuda","31","Coryphaena hippurus",1970,0
"Costa Rica","31","Coryphaena hippurus",1970,0
"Cuba","31","Coryphaena hippurus",1970,0
"Dominican Republic","31","Coryphaena hippurus",1970,100
"France","31","Coryphaena hippurus",1970,0
"Grenada","31","Coryphaena hippurus",1970,0
"Guadeloupe","31","Coryphaena hippurus",1970,500
"Martinique","31","Coryphaena hippurus",1970,600
"Mexico","31","Coryphaena hippurus",1970,0
"Other NEI","31","Coryphaena hippurus",1970,0
"Saint Vincent and the Grenadines","31","Coryphaena hippurus",1970,0
"United States of America","31","Coryphaena hippurus",1970,0
"Canada","21","Coryphaena hippurus",1969,0
"Spain","21","Coryphaena hippurus",1969,0
"United States of America","21","Coryphaena hippurus",1969,0
"Barbados","31","Coryphaena hippurus",1969,600
"Belize","31","Coryphaena hippurus",1969,0
"Bermuda","31","Coryphaena hippurus",1969,0
"Costa Rica","31","Coryphaena hippurus",1969,0
"Dominican Republic","31","Coryphaena hippurus",1969,100
"France","31","Coryphaena hippurus",1969,0
"Grenada","31","Coryphaena hippurus",1969,0
"Guadeloupe","31","Coryphaena hippurus",1969,500
"Martinique","31","Coryphaena hippurus",1969,600
"Mexico","31","Coryphaena hippurus",1969,0
"Other NEI","31","Coryphaena hippurus",1969,0
"Saint Vincent and the Grenadines","31","Coryphaena hippurus",1969,0
"United States of America","31","Coryphaena hippurus",1969,28
"Canada","21","Coryphaena hippurus",1968,0
"Spain","21","Coryphaena hippurus",1968,0
"United States of America","21","Coryphaena hippurus",1968,0
"Barbados","31","Coryphaena hippurus",1968,700
"Belize","31","Coryphaena hippurus",1968,0
"Bermuda","31","Coryphaena hippurus",1968,0
"Costa Rica","31","Coryphaena hippurus",1968,0
"Dominican Republic","31","Coryphaena hippurus",1968,100
"France","31","Coryphaena hippurus",1968,0
"Grenada","31","Coryphaena hippurus",1968,0
"Guadeloupe","31","Coryphaena hippurus",1968,300
"Martinique","31","Coryphaena hippurus",1968,600
"Mexico","31","Coryphaena hippurus",1968,0
"Other NEI","31","Coryphaena hippurus",1968,0
"Saint Vincent and the Grenadines","31","Coryphaena hippurus",1968,0
"United States of America","31","Coryphaena hippurus",1968,44
"Canada","21","Coryphaena hippurus",1967,0
"Spain","21","Coryphaena hippurus",1967,0
"United States of America","21","Coryphaena hippurus",1967,0
"Barbados","31","Coryphaena hippurus",1967,1000
"Belize","31","Coryphaena hippurus",1967,0
"Bermuda","31","Coryphaena hippurus",1967,0
"Costa Rica","31","Coryphaena hippurus",1967,0
"Dominican Republic","31","Coryphaena hippurus",1967,100
"France","31","Coryphaena hippurus",1967,0
"Grenada","31","Coryphaena hippurus",1967,0
"Guadeloupe","31","Coryphaena hippurus",1967,300
"Martinique","31","Coryphaena hippurus",1967,600
"Mexico","31","Coryphaena hippurus",1967,0
"Other NEI","31","Coryphaena hippurus",1967,0
"Saint Vincent and the Grenadines","31","Coryphaena hippurus",1967,0
"United States of America","31","Coryphaena hippurus",1967,86
"Canada","21","Coryphaena hippurus",1966,0
"Spain","21","Coryphaena hippurus",1966,0
"United States of America","21","Coryphaena hippurus",1966,0
"Barbados","31","Coryphaena hippurus",1966,1100
"Belize","31","Coryphaena hippurus",1966,0
"Bermuda","31","Coryphaena hippurus",1966,0
"Costa Rica","31","Coryphaena hippurus",1966,0
"France","31","Coryphaena hippurus",1966,0
"Grenada","31","Coryphaena hippurus",1966,0
"Guadeloupe","31","Coryphaena hippurus",1966,200
"Martinique","31","Coryphaena hippurus",1966,300
"Mexico","31","Coryphaena hippurus",1966,0
"Other NEI","31","Coryphaena hippurus",1966,0
"Saint Vincent and the Grenadines","31","Coryphaena hippurus",1966,0
"United States of America","31","Coryphaena hippurus",1966,35
"Canada","21","Coryphaena hippurus",1965,0
"Spain","21","Coryphaena hippurus",1965,0
"United States of America","21","Coryphaena hippurus",1965,0
"Barbados","31","Coryphaena hippurus",1965,600
"Belize","31","Coryphaena hippurus",1965,0
"Bermuda","31","Coryphaena hippurus",1965,0
"Costa Rica","31","Coryphaena hippurus",1965,0
"France","31","Coryphaena hippurus",1965,0
"Grenada","31","Coryphaena hippurus",1965,0
"Guadeloupe","31","Coryphaena hippurus",1965,200
"Martinique","31","Coryphaena hippurus",1965,300
"Mexico","31","Coryphaena hippurus",1965,0
"Other NEI","31","Coryphaena hippurus",1965,0
"Saint Vincent and the Grenadines","31","Coryphaena hippurus",1965,0
"United States of America","31","Coryphaena hippurus",1965,15
"Canada","21","Coryphaena hippurus",1964,0
"Spain","21","Coryphaena hippurus",1964,0
"United States of America","21","Coryphaena hippurus",1964,0
"Barbados","31","Coryphaena hippurus",1964,500
"Belize","31","Coryphaena hippurus",1964,0
"Bermuda","31","Coryphaena hippurus",1964,0
"Costa Rica","31","Coryphaena hippurus",1964,0
"France","31","Coryphaena hippurus",1964,0
"Grenada","31","Coryphaena hippurus",1964,0
"Guadeloupe","31","Coryphaena hippurus",1964,500
"Martinique","31","Coryphaena hippurus",1964,200
"Mexico","31","Coryphaena hippurus",1964,0
"Other NEI","31","Coryphaena hippurus",1964,0
"Saint Vincent and the Grenadines","31","Coryphaena hippurus",1964,0
"United States of America","31","Coryphaena hippurus",1964,13
"Canada","21","Coryphaena hippurus",1963,0
"Spain","21","Coryphaena hippurus",1963,0
"United States of America","21","Coryphaena hippurus",1963,0
"Barbados","31","Coryphaena hippurus",1963,600
"Belize","31","Coryphaena hippurus",1963,0
"Bermuda","31","Coryphaena hippurus",1963,0
"Costa Rica","31","Coryphaena hippurus",1963,0
"France","31","Coryphaena hippurus",1963,0
"Guadeloupe","31","Coryphaena hippurus",1963,500
"Martinique","31","Coryphaena hippurus",1963,100
"Other NEI","31","Coryphaena hippurus",1963,0
"Saint Vincent and the Grenadines","31","Coryphaena hippurus",1963,0
"United States of America","31","Coryphaena hippurus",1963,4
"Canada","21","Coryphaena hippurus",1962,0
"Spain","21","Coryphaena hippurus",1962,0
"United States of America","21","Coryphaena hippurus",1962,0
"Barbados","31","Coryphaena hippurus",1962,1000
"Belize","31","Coryphaena hippurus",1962,0
"Bermuda","31","Coryphaena hippurus",1962,0
"Costa Rica","31","Coryphaena hippurus",1962,0
"France","31","Coryphaena hippurus",1962,0
"Guadeloupe","31","Coryphaena hippurus",1962,400
"Martinique","31","Coryphaena hippurus",1962,100
"Other NEI","31","Coryphaena hippurus",1962,0
"Saint Vincent and the Grenadines","31","Coryphaena hippurus",1962,0
"United States of America","31","Coryphaena hippurus",1962,11
"Canada","21","Coryphaena hippurus",1961,0
"Spain","21","Coryphaena hippurus",1961,0
"United States of America","21","Coryphaena hippurus",1961,0
"Barbados","31","Coryphaena hippurus",1961,1000
"Belize","31","Coryphaena hippurus",1961,0
"Bermuda","31","Coryphaena hippurus",1961,0
"Costa Rica","31","Coryphaena hippurus",1961,0
"France","31","Coryphaena hippurus",1961,0
"Guadeloupe","31","Coryphaena hippurus",1961,400
"Martinique","31","Coryphaena hippurus",1961,500
"Other NEI","31","Coryphaena hippurus",1961,0
"Saint Vincent and the Grenadines","31","Coryphaena hippurus",1961,0
"United States of America","31","Coryphaena hippurus",1961,14
"Canada","21","Coryphaena hippurus",1960,0
"Spain","21","Coryphaena hippurus",1960,0
"United States of America","21","Coryphaena hippurus",1960,0
"Barbados","31","Coryphaena hippurus",1960,1100
"Belize","31","Coryphaena hippurus",1960,0
"Bermuda","31","Coryphaena hippurus",1960,0
"Costa Rica","31","Coryphaena hippurus",1960,0
"France","31","Coryphaena hippurus",1960,0
"Guadeloupe","31","Coryphaena hippurus",1960,400
"Martinique","31","Coryphaena hippurus",1960,200
"Other NEI","31","Coryphaena hippurus",1960,0
"Saint Vincent and the Grenadines","31","Coryphaena hippurus",1960,0
"United States of America","31","Coryphaena hippurus",1960,6
"Canada","21","Coryphaena hippurus",1959,0
"Spain","21","Coryphaena hippurus",1959,0
"United States of America","21","Coryphaena hippurus",1959,0
"Barbados","31","Coryphaena hippurus",1959,1000
"Belize","31","Coryphaena hippurus",1959,0
"Bermuda","31","Coryphaena hippurus",1959,0
"Costa Rica","31","Coryphaena hippurus",1959,0
"France","31","Coryphaena hippurus",1959,0
"Guadeloupe","31","Coryphaena hippurus",1959,400
"Martinique","31","Coryphaena hippurus",1959,400
"Other NEI","31","Coryphaena hippurus",1959,0
"Saint Vincent and the Grenadines","31","Coryphaena hippurus",1959,0
"United States of America","31","Coryphaena hippurus",1959,8
"Canada","21","Coryphaena hippurus",1958,0
"Spain","21","Coryphaena hippurus",1958,0
"United States of America","21","Coryphaena hippurus",1958,0
"Barbados","31","Coryphaena hippurus",1958,1000
"Belize","31","Coryphaena hippurus",1958,0
"Bermuda","31","Coryphaena hippurus",1958,0
"Costa Rica","31","Coryphaena hippurus",1958,0
"France","31","Coryphaena hippurus",1958,0
"Guadeloupe","31","Coryphaena hippurus",1958,500
"Martinique","31","Coryphaena hippurus",1958,200
"Other NEI","31","Coryphaena hippurus",1958,0
"Saint Vincent and the Grenadines","31","Coryphaena hippurus",1958,0
"United States of America","31","Coryphaena hippurus",1958,7
"Canada","21","Coryphaena hippurus",1957,0
"Spain","21","Coryphaena hippurus",1957,0
"United States of America","21","Coryphaena hippurus",1957,0
"Barbados","31","Coryphaena hippurus",1957,900
"Belize","31","Coryphaena hippurus",1957,0
"Bermuda","31","Coryphaena hippurus",1957,0
"Costa Rica","31","Coryphaena hippurus",1957,0
"France","31","Coryphaena hippurus",1957,0
"Guadeloupe","31","Coryphaena hippurus",1957,400
"Martinique","31","Coryphaena hippurus",1957,200
"Other NEI","31","Coryphaena hippurus",1957,0
"Saint Vincent and the Grenadines","31","Coryphaena hippurus",1957,0
"United States of America","31","Coryphaena hippurus",1957,9
"Canada","21","Coryphaena hippurus",1956,0
"Spain","21","Coryphaena hippurus",1956,0
"United States of America","21","Coryphaena hippurus",1956,0
"Barbados","31","Coryphaena hippurus",1956,700
"Belize","31","Coryphaena hippurus",1956,0
"Bermuda","31","Coryphaena hippurus",1956,0
"Costa Rica","31","Coryphaena hippurus",1956,0
"France","31","Coryphaena hippurus",1956,0
"Guadeloupe","31","Coryphaena hippurus",1956,300
"Martinique","31","Coryphaena hippurus",1956,300
"Other NEI","31","Coryphaena hippurus",1956,0
"Saint Vincent and the Grenadines","31","Coryphaena hippurus",1956,0
"United States of America","31","Coryphaena hippurus",1956,4
"Canada","21","Coryphaena hippurus",1955,0
"Spain","21","Coryphaena hippurus",1955,0
"United States of America","21","Coryphaena hippurus",1955,0
"Barbados","31","Coryphaena hippurus",1955,600
"Belize","31","Coryphaena hippurus",1955,0
"Bermuda","31","Coryphaena hippurus",1955,0
"Costa Rica","31","Coryphaena hippurus",1955,0
"France","31","Coryphaena hippurus",1955,0
"Guadeloupe","31","Coryphaena hippurus",1955,300
"Martinique","31","Coryphaena hippurus",1955,200
"Other NEI","31","Coryphaena hippurus",1955,0
"Saint Vincent and the Grenadines","31","Coryphaena hippurus",1955,0
"United States of America","31","Coryphaena hippurus",1955,5
"Canada","21","Coryphaena hippurus",1954,0
"Spain","21","Coryphaena hippurus",1954,0
"United States of America","21","Coryphaena hippurus",1954,0
"Barbados","31","Coryphaena hippurus",1954,600
"Belize","31","Coryphaena hippurus",1954,0
"Bermuda","31","Coryphaena hippurus",1954,0
"Costa Rica","31","Coryphaena hippurus",1954,0
"France","31","Coryphaena hippurus",1954,0
"Guadeloupe","31","Coryphaena hippurus",1954,300
"Martinique","31","Coryphaena hippurus",1954,200
"Other NEI","31","Coryphaena hippurus",1954,0
"Saint Vincent and the Grenadines","31","Coryphaena hippurus",1954,0
"United States of America","31","Coryphaena hippurus",1954,14
"Canada","21","Coryphaena hippurus",1953,0
"Spain","21","Coryphaena hippurus",1953,0
"United States of America","21","Coryphaena hippurus",1953,0
"Barbados","31","Coryphaena hippurus",1953,800
"Belize","31","Coryphaena hippurus",1953,0
"Bermuda","31","Coryphaena hippurus",1953,0
"Costa Rica","31","Coryphaena hippurus",1953,0
"France","31","Coryphaena hippurus",1953,0
"Guadeloupe","31","Coryphaena hippurus",1953,300
"Martinique","31","Coryphaena hippurus",1953,200
"Other NEI","31","Coryphaena hippurus",1953,0
"Saint Vincent and the Grenadines","31","Coryphaena hippurus",1953,0
"United States of America","31","Coryphaena hippurus",1953,13
"Canada","21","Coryphaena hippurus",1952,0
"Spain","21","Coryphaena hippurus",1952,0
"United States of America","21","Coryphaena hippurus",1952,0
"Barbados","31","Coryphaena hippurus",1952,1000
"Belize","31","Coryphaena hippurus",1952,0
"Bermuda","31","Coryphaena hippurus",1952,0
"Costa Rica","31","Coryphaena hippurus",1952,0
"France","31","Coryphaena hippurus",1952,0
"Guadeloupe","31","Coryphaena hippurus",1952,200
"Martinique","31","Coryphaena hippurus",1952,100
"Other NEI","31","Coryphaena hippurus",1952,0
"Saint Vincent and the Grenadines","31","Coryphaena hippurus",1952,0
"United States of America","31","Coryphaena hippurus",1952,12
"Canada","21","Coryphaena hippurus",1951,0
"Spain","21","Coryphaena hippurus",1951,0
"United States of America","21","Coryphaena hippurus",1951,0
"Barbados","31","Coryphaena hippurus",1951,700
"Belize","31","Coryphaena hippurus",1951,0
"Bermuda","31","Coryphaena hippurus",1951,0
"Costa Rica","31","Coryphaena hippurus",1951,0
"France","31","Coryphaena hippurus",1951,0
"Guadeloupe","31","Coryphaena hippurus",1951,200
"Martinique","31","Coryphaena hippurus",1951,100
"Other NEI","31","Coryphaena hippurus",1951,0
"Saint Vincent and the Grenadines","31","Coryphaena hippurus",1951,0
"United States of America","31","Coryphaena hippurus",1951,12
"Canada","21","Coryphaena hippurus",1950,0
"Spain","21","Coryphaena hippurus",1950,0
"United States of America","21","Coryphaena hippurus",1950,0
"Barbados","31","Coryphaena hippurus",1950,700
"Belize","31","Coryphaena hippurus",1950,0
"Bermuda","31","Coryphaena hippurus",1950,0
"Costa Rica","31","Coryphaena hippurus",1950,0
"France","31","Coryphaena hippurus",1950,0
"Guadeloupe","31","Coryphaena hippurus",1950,200
"Martinique","31","Coryphaena hippurus",1950,100
"Other NEI","31","Coryphaena hippurus",1950,0
"Saint Vincent and the Grenadines","31","Coryphaena hippurus",1950,0
"United States of America","31","Coryphaena hippurus",1950,3
