"Year","Region Name","Pounds","Dollars","Collection","Metric Tons"
"2000","Gulf","582,576","689,637","Commercial","264"
"2000","Gulf","5,641,491","","Recreational","2,559"
"2000","New England","6,545","12,414","Commercial","3"
"2000","South Atlantic","537,077","821,743","Commercial","244"
"2000","South Atlantic","16,049,049","","Recreational","7,280"
"2000","Middle Atlantic","36,048","65,004","Commercial","16"
"2000","Middle Atlantic","1,433,991","","Recreational","650"
"1980","Gulf","94,984","55,676","Commercial","43"
"1980","New England","200","54","Commercial","0"
"1980","South Atlantic","76,042","45,852","Commercial","34"
"1980","Middle Atlantic","400","256","Commercial","0"
"1981","Gulf","73,075","46,951","Commercial","33"
"1981","Gulf","1,559,544","","Recreational","707"
"1981","South Atlantic","59,037","50,998","Commercial","27"
"1981","South Atlantic","8,421,898","","Recreational","3,820"
"1982","Gulf","162,457","115,805","Commercial","74"
"1982","Gulf","4,197,503","","Recreational","1,904"
"1982","South Atlantic","143,960","124,832","Commercial","65"
"1982","South Atlantic","7,573,035","","Recreational","3,435"
"1982","Middle Atlantic","200","78","Commercial","0"
"1982","Middle Atlantic","2,097","","Recreational","1"
"1983","Gulf","190,808","136,589","Commercial","87"
"1983","Gulf","2,162,936","","Recreational","981"
"1983","New England","400","86","Commercial","0"
"1983","South Atlantic","127,986","121,512","Commercial","58"
"1983","South Atlantic","9,134,022","","Recreational","4,143"
"1983","Middle Atlantic","1,400","1,102","Commercial","1"
"1983","Middle Atlantic","45,927","","Recreational","21"
"1984","Gulf","282,976","231,023","Commercial","128"
"1984","Gulf","1,189,573","","Recreational","540"
"1984","New England","400","435","Commercial","0"
"1984","South Atlantic","158,901","166,838","Commercial","72"
"1984","South Atlantic","7,265,430","","Recreational","3,296"
"1984","Middle Atlantic","1,700","2,186","Commercial","1"
"1985","Gulf","269,477","266,805","Commercial","122"
"1985","Gulf","2,542,089","","Recreational","1,153"
"1985","New England","4,800","4,822","Commercial","2"
"1985","South Atlantic","142,684","169,706","Commercial","65"
"1985","South Atlantic","6,684,821","","Recreational","3,032"
"1985","Middle Atlantic","5,000","5,949","Commercial","2"
"1985","Middle Atlantic","113,666","","Recreational","52"
"1986","Gulf","492,212","452,600","Commercial","223"
"1986","Gulf","5,540,003","","Recreational","2,513"
"1986","New England","200","213","Commercial","0"
"1986","South Atlantic","189,747","231,193","Commercial","86"
"1986","South Atlantic","6,190,187","","Recreational","2,808"
"1986","Middle Atlantic","4,200","5,640","Commercial","2"
"1986","Middle Atlantic","125,653","","Recreational","57"
"1987","Gulf","403,703","467,265","Commercial","183"
"1987","Gulf","4,209,638","","Recreational","1,909"
"1987","New England","1,100","1,438","Commercial","0"
"1987","South Atlantic","212,905","270,944","Commercial","97"
"1987","South Atlantic","6,883,546","","Recreational","3,122"
"1987","Middle Atlantic","13,400","16,946","Commercial","6"
"1987","Middle Atlantic","121,433","","Recreational","55"
"1988","Gulf","491,610","541,686","Commercial","223"
"1988","Gulf","1,014,312","","Recreational","460"
"1988","New England","17,800","19,706","Commercial","8"
"1988","New England","2,196","","Recreational","1"
"1988","South Atlantic","212,709","306,469","Commercial","96"
"1988","South Atlantic","3,134,070","","Recreational","1,422"
"1988","Middle Atlantic","26,600","44,114","Commercial","12"
"1988","Middle Atlantic","130,240","","Recreational","59"
"1989","Gulf","1,029,628","1,016,027","Commercial","467"
"1989","Gulf","12,551,461","","Recreational","5,693"
"1989","New England","15,300","19,427","Commercial","7"
"1989","New England","437","","Recreational","0"
"1989","South Atlantic","426,392","548,352","Commercial","193"
"1989","South Atlantic","13,273,504","","Recreational","6,021"
"1989","Middle Atlantic","81,700","108,750","Commercial","37"
"1989","Middle Atlantic","1,386,752","","Recreational","629"
"1990","Gulf","1,098,819","1,046,725","Commercial","498"
"1990","Gulf","13,389,540","","Recreational","6,073"
"1990","New England","14,233","17,420","Commercial","6"
"1990","New England","2,714","","Recreational","1"
"1990","South Atlantic","514,980","645,358","Commercial","234"
"1990","South Atlantic","9,283,973","","Recreational","4,211"
"1990","Middle Atlantic","69,106","71,667","Commercial","31"
"1990","Middle Atlantic","624,928","","Recreational","283"
"1991","Gulf","1,674,124","1,772,205","Commercial","759"
"1991","Gulf","13,760,600","","Recreational","6,242"
"1991","New England","9,816","11,075","Commercial","4"
"1991","New England","6,294","","Recreational","3"
"1991","South Atlantic","650,333","874,631","Commercial","295"
"1991","South Atlantic","14,756,442","","Recreational","6,693"
"1991","Middle Atlantic","90,722","131,037","Commercial","41"
"1991","Middle Atlantic","722,090","","Recreational","328"
"1992","Gulf","714,369","725,921","Commercial","324"
"1992","Gulf","12,481,422","","Recreational","5,662"
"1992","New England","10,315","12,482","Commercial","5"
"1992","New England","1,411","","Recreational","1"
"1992","South Atlantic","326,831","411,357","Commercial","148"
"1992","South Atlantic","5,893,700","","Recreational","2,673"
"1992","Middle Atlantic","74,423","120,922","Commercial","34"
"1992","Middle Atlantic","860,112","","Recreational","390"
"1993","Gulf","596,967","690,667","Commercial","271"
"1993","Gulf","6,873,820","","Recreational","3,118"
"1993","New England","27,069","34,202","Commercial","12"
"1993","New England","200,927","","Recreational","91"
"1993","South Atlantic","520,512","710,097","Commercial","236"
"1993","South Atlantic","7,077,105","","Recreational","3,210"
"1993","Middle Atlantic","99,420","154,481","Commercial","45"
"1993","Middle Atlantic","3,001,335","","Recreational","1,361"
"1994","Gulf","679,903","978,575","Commercial","308"
"1994","Gulf","5,448,709","","Recreational","2,472"
"1994","New England","12,328","18,831","Commercial","6"
"1994","New England","12,586","","Recreational","6"
"1994","South Atlantic","618,614","938,907","Commercial","281"
"1994","South Atlantic","10,554,836","","Recreational","4,788"
"1994","Middle Atlantic","101,044","201,835","Commercial","46"
"1994","Middle Atlantic","1,400,635","","Recreational","635"
"1995","Gulf","1,177,325","1,576,576","Commercial","534"
"1995","Gulf","11,142,952","","Recreational","5,054"
"1995","New England","13,811","16,223","Commercial","6"
"1995","New England","24,061","","Recreational","11"
"1995","South Atlantic","1,164,608","1,728,592","Commercial","528"
"1995","South Atlantic","14,318,412","","Recreational","6,495"
"1995","Middle Atlantic","198,425","301,342","Commercial","90"
"1995","Middle Atlantic","1,096,473","","Recreational","497"
"1996","Gulf","1,047,020","1,404,999","Commercial","475"
"1996","Gulf","7,086,006","","Recreational","3,214"
"1996","New England","7,788","12,695","Commercial","4"
"1996","New England","","","Recreational",""
"1996","South Atlantic","548,682","878,691","Commercial","249"
"1996","South Atlantic","9,128,895","","Recreational","4,141"
"1996","Middle Atlantic","43,581","84,736","Commercial","20"
"1996","Middle Atlantic","1,077,364","","Recreational","489"
"1997","Gulf","989,648","1,024,070","Commercial","449"
"1997","Gulf","19,958,088","","Recreational","9,053"
"1997","New England","13,265","13,487","Commercial","6"
"1997","New England","","","Recreational",""
"1997","South Atlantic","877,303","1,203,956","Commercial","398"
"1997","South Atlantic","12,284,366","","Recreational","5,572"
"1997","Middle Atlantic","105,559","143,672","Commercial","48"
"1997","Middle Atlantic","1,422,057","","Recreational","645"
"1998","Gulf","422,501","572,981","Commercial","192"
"1998","Gulf","9,324,186","","Recreational","4,229"
"1998","New England","11,553","18,627","Commercial","5"
"1998","New England","120,322","","Recreational","55"
"1998","South Atlantic","406,368","644,166","Commercial","184"
"1998","South Atlantic","7,312,090","","Recreational","3,317"
"1998","Middle Atlantic","86,502","159,933","Commercial","39"
"1998","Middle Atlantic","2,920,384","","Recreational","1,325"
"1999","Gulf","612,445","816,023","Commercial","278"
"1999","Gulf","7,329,953","","Recreational","3,325"
"1999","New England","5,990","12,861","Commercial","3"
"1999","New England","4,458","","Recreational","2"
"1999","South Atlantic","504,263","844,590","Commercial","229"
"1999","South Atlantic","13,973,364","","Recreational","6,338"
"1999","Middle Atlantic","98,927","192,117","Commercial","45"
"1999","Middle Atlantic","1,005,852","","Recreational","456"
"2001","Gulf","368,503","376,396","Commercial","167"
"2001","Gulf","7,355,385","","Recreational","3,336"
"2001","New England","29,134","32,566","Commercial","13"
"2001","New England","5,189","","Recreational","2"
"2001","South Atlantic","470,897","621,537","Commercial","214"
"2001","South Atlantic","14,945,284","","Recreational","6,779"
"2001","Middle Atlantic","51,342","56,530","Commercial","23"
"2001","Middle Atlantic","477,081","","Recreational","216"
"2002","Gulf","290,601","319,266","Commercial","132"
"2002","Gulf","3,513,226","","Recreational","1,594"
"2002","New England","14,836","20,177","Commercial","7"
"2002","New England","600,948","","Recreational","273"
"2002","South Atlantic","436,472","619,699","Commercial","198"
"2002","South Atlantic","13,794,853","","Recreational","6,257"
"2002","Middle Atlantic","83,534","139,077","Commercial","38"
"2002","Middle Atlantic","1,295,470","","Recreational","588"
"2003","Gulf","310,836","407,834","Commercial","141"
"2003","Gulf","4,481,937","","Recreational","2,033"
"2003","New England","21,275","39,748","Commercial","10"
"2003","New England","129,513","","Recreational","59"
"2003","South Atlantic","459,351","757,636","Commercial","208"
"2003","South Atlantic","12,112,718","","Recreational","5,494"
"2003","Middle Atlantic","46,851","96,413","Commercial","21"
"2003","Middle Atlantic","929,763","","Recreational","422"
"2004","Gulf","435,341","606,488","Commercial","197"
"2004","Gulf","2,402,315","","Recreational","1,090"
"2004","New England","29,042","57,446","Commercial","13"
"2004","New England","","","Recreational",""
"2004","South Atlantic","555,973","966,235","Commercial","252"
"2004","South Atlantic","9,707,678","","Recreational","4,403"
"2004","Middle Atlantic","31,916","61,479","Commercial","14"
"2004","Middle Atlantic","427,145","","Recreational","194"
"2005","Gulf","207,695","304,223","Commercial","94"
"2005","Gulf","2,537,132","","Recreational","1,151"
"2005","New England","19,982","39,151","Commercial","9"
"2005","New England","","","Recreational",""
"2005","South Atlantic","376,989","704,254","Commercial","171"
"2005","South Atlantic","10,299,670","","Recreational","4,672"
"2005","Middle Atlantic","19,703","39,271","Commercial","9"
"2005","Middle Atlantic","437,472","","Recreational","198"
"2006","Gulf","224,668","332,708","Commercial","102"
"2006","Gulf","3,290,474","","Recreational","1,493"
"2006","New England","19,645","34,180","Commercial","9"
"2006","South Atlantic","433,121","799,934","Commercial","196"
"2006","South Atlantic","12,805,952","","Recreational","5,809"
"2006","Middle Atlantic","27,724","48,993","Commercial","13"
"2006","Middle Atlantic","887,684","","Recreational","403"
"2007","Gulf","370,423","601,167","Commercial","168"
"2007","Gulf","3,754,513","","Recreational","1,703"
"2007","New England","40,141","77,007","Commercial","18"
"2007","New England","19,542","","Recreational","9"
"2007","South Atlantic","739,862","1,436,243","Commercial","336"
"2007","South Atlantic","13,164,377","","Recreational","5,971"
"2007","Middle Atlantic","77,553","139,440","Commercial","35"
"2007","Middle Atlantic","241,212","","Recreational","109"
"2008","Gulf","385,011","697,619","Commercial","175"
"2008","Gulf","3,937,153","","Recreational","1,786"
"2008","New England","13,448","30,677","Commercial","6"
"2008","South Atlantic","627,506","1,198,607","Commercial","285"
"2008","South Atlantic","10,417,536","","Recreational","4,725"
"2008","Middle Atlantic","53,013","110,820","Commercial","24"
"2008","Middle Atlantic","264,017","","Recreational","120"
"2009","Gulf","497,246","715,405","Commercial","226"
"2009","Gulf","3,860,527","","Recreational","1,751"
"2009","New England","76,449","129,987","Commercial","35"
"2009","South Atlantic","1,006,948","1,724,115","Commercial","457"
"2009","South Atlantic","13,251,102","","Recreational","6,011"
"2009","Middle Atlantic","49,946","103,496","Commercial","23"
"2009","Middle Atlantic","1,538,112","","Recreational","698"
"2010","Gulf","112,802","187,331","Commercial","51"
"2010","Gulf","1,216,198","","Recreational","552"
"2010","New England","12,910","33,180","Commercial","6"
"2010","South Atlantic","571,983","1,187,136","Commercial","259"
"2010","South Atlantic","8,543,542","","Recreational","3,875"
"2010","Middle Atlantic","34,578","75,563","Commercial","16"
"2010","Middle Atlantic","813,738","","Recreational","369"
"2011","Gulf","312,567","636,725","Commercial","142"
"2011","Gulf","3,023,914","","Recreational","1,372"
"2011","New England","22,816","66,709","Commercial","10"
"2011","New England","187,289","","Recreational","85"
"2011","South Atlantic","544,333","1,415,834","Commercial","247"
"2011","South Atlantic","10,774,812","","Recreational","4,887"
"2011","Middle Atlantic","14,322","41,069","Commercial","6"
"2011","Middle Atlantic","2,173,136","","Recreational","986"
"2012","Gulf","148,474","303,009","Commercial","67"
"2012","Gulf","3,229,090","","Recreational","1,465"
"2012","New England","43,955","120,234","Commercial","20"
"2012","New England","26,892","","Recreational","12"
"2012","South Atlantic","704,483","2,054,797","Commercial","320"
"2012","South Atlantic","9,983,276","","Recreational","4,528"
"2012","Middle Atlantic","42,421","118,283","Commercial","19"
"2012","Middle Atlantic","755,558","","Recreational","343"
"2013","Gulf","191,201","403,215","Commercial","87"
"2013","Gulf","5,425,636","","Recreational","2,461"
"2013","New England","16,657","49,189","Commercial","8"
"2013","New England","226,988","","Recreational","103"
"2013","South Atlantic","584,102","1,606,327","Commercial","265"
"2013","South Atlantic","8,483,569","","Recreational","3,848"
"2013","Middle Atlantic","39,214","112,919","Commercial","18"
"2013","Middle Atlantic","302,421","","Recreational","137"
"2014","Gulf","207,261","401,668","Commercial","94"
"2014","Gulf","3,074,373","","Recreational","1,395"
"2014","New England","51,810","123,682","Commercial","24"
"2014","New England","183,673","","Recreational","83"
"2014","South Atlantic","1,042,822","2,878,749","Commercial","473"
"2014","South Atlantic","11,925,345","","Recreational","5,409"
"2014","Middle Atlantic","48,462","162,763","Commercial","22"
"2014","Middle Atlantic","2,129,222","","Recreational","966"
"2015","Gulf","155,696","352,576","Commercial","71"
"2015","Gulf","6,286,577","","Recreational","2,852"
"2015","New England","31,995","83,350","Commercial","15"
"2015","New England","1,198,628","","Recreational","544"
"2015","South Atlantic","920,772","2,569,775","Commercial","418"
"2015","South Atlantic","14,821,772","","Recreational","6,723"
"2015","Middle Atlantic","34,858","99,992","Commercial","16"
"2015","Middle Atlantic","4,501,793","","Recreational","2,042"
"2016","Gulf","37,733","87,247","Commercial","17"
"2016","Gulf","1,777,348","","Recreational","806"
"2016","New England","15,747","56,691","Commercial","7"
"2016","New England","16,499","","Recreational","7"
"2016","South Atlantic","828,435","2,619,788","Commercial","376"
"2016","South Atlantic","12,357,817","","Recreational","5,605"
"2016","Middle Atlantic","61,336","187,895","Commercial","28"
"2016","Middle Atlantic","2,212,513","","Recreational","1,004"
"2017","Gulf","68,260","143,653","Commercial","31"
"2017","Gulf","2,064,106","","Recreational","936"
"2017","New England","30,969","78,092","Commercial","14"
"2017","New England","48,607","","Recreational","22"
"2017","South Atlantic","533,082","1,837,298","Commercial","242"
"2017","South Atlantic","9,457,460","","Recreational","4,290"
"2017","Middle Atlantic","16,179","53,386","Commercial","7"
"2017","Middle Atlantic","1,820,541","","Recreational","826"
"2018","Gulf","57,052","136,352","Commercial","26"
"2018","Gulf","1,626,095","","Recreational","738"
"2018","New England","12,667","37,874","Commercial","6"
"2018","New England","97,107","","Recreational","44"
"2018","South Atlantic","435,290","1,362,045","Commercial","197"
"2018","South Atlantic","11,713,866","","Recreational","5,313"
"2018","Middle Atlantic","20,514","58,203","Commercial","9"
"2018","Middle Atlantic","3,104,018","","Recreational","1,408"
"2019","Gulf","85,077","199,934","Commercial","39"
"2019","Gulf","3,567,170","","Recreational","1,618"
"2019","New England","16,918","37,335","Commercial","8"
"2019","New England","66","","Recreational","0"
"2019","South Atlantic","563,708","1,660,324","Commercial","256"
"2019","South Atlantic","7,967,978","","Recreational","3,614"
"2019","Middle Atlantic","47,981","136,551","Commercial","22"
"2019","Middle Atlantic","1,518,629","","Recreational","689"
"2020","Gulf","26,653","67,622","Commercial","12"
"2020","Gulf","1,952,241","","Recreational","886"
"2020","New England","1,880","5,866","Commercial","1"
"2020","New England","","","Recreational",""
"2020","South Atlantic","260,503","764,505","Commercial","118"
"2020","South Atlantic","5,653,294","","Recreational","2,564"
"2020","Middle Atlantic","14,040","43,881","Commercial","6"
"2020","Middle Atlantic","679,556","","Recreational","308"
"2021","Gulf","27,212","73,905","Commercial","12"
"2021","Gulf","2,893,817","","Recreational","1,313"
"2021","New England","11,421","38,309","Commercial","5"
"2021","New England","123,038","","Recreational","56"
"2021","South Atlantic","177,263","642,998","Commercial","80"
"2021","South Atlantic","6,061,024","","Recreational","2,749"
"2021","Middle Atlantic","25,799","90,762","Commercial","12"
"2021","Middle Atlantic","1,051,785","","Recreational","477"
