"year","lo","hi"
1950,2204620,2888241.05805117
1951,2204620,3011134.49493394
1952,2866006,3714997.96765496
1953,2866006,3765128.62541015
1954,2425082,3392489.83714734
1955,2425082,3453072.75530536
1956,2866006,3971833.96613396
1957,3306930,4566536.46979749
1958,3747854,5174055.6610707
1959,3968316,5579585.59600765
1960,3747854,5514770.93963047
1961,4188778,6121901.26093342
1962,3306930,5464905.49522363
1963,2645544,4954831.39545878
1964,2645544,5123269.81924777
1965,2425082,4987896.24290241
1966,3527392,6164140.57162665
1967,4409240,7119665.00583961
1968,3747854,6607947.03061554
1969,3968316,7068517.41497721
1970,3747854,7168396.08720021
1971,3968316,7815795.45943702
1972,3747854,8121999.71536974
1973,3306930,7340785.33583042
1974,3456844.16,7566739.18242079
1975,4340896.78,8635039.5341827
1976,5075035.24,9767272.54202025
1977,4975827.34,10284633.2157642
1978,4722296.04,10236950.7367779
1979,5064012.14,9530338.8930055
1980,4111616.3,8961430.26619326
1981,3985952.96,8478837.81159128
1982,4179959.52,9257706.67114436
1983,5914995.46,11060185.898928
1984,4023431.5,9092712.94428757
1985,5291088,10697611.52815
1986,4508447.9,8496677.23556324
1987,3836038.8,7246144.50588885
1988,6671180.12,10331010.1187402
1989,4091774.72,7526003.43108356
1990,4894256.4,8891364.52252535
1991,4894256.4,8971473.45765511
1992,6710863.28,10931030.3254955
1993,4814890.08,8798676.28767086
1994,5899563.12,9620073.43393416
1995,6214823.78,10173840.4119738
1996,6206005.3,11775430.0350309
1997,8523060.92,15662454.1055524
1998,6953371.48,12559857.8896533
1999,8809661.52,14373979.3166492
2000,7881516.5,12983590.3308569
2001,6757160.3,12450129.173388
2002,7971905.92,13972227.0795301
2003,6221437.64,12409960.5578564
2004,8437080.74,13780545.432077
2005,9124922.18,16599377.2400978
2006,8020407.56,14621942.9452417
2007,10141252,15633906.2030303
2008,9120246.18098,15357219.7273652
2009,11111167.95514,18254329.105981
2010,8954538.1233,16406890.0211293
2011,14531247.87202,20171646.1865585
2012,12252409.33972,18125155.8895714
2013,12064368.48144,19555906.6261414
2014,8946400.87088,16371679.2294918
2015,9821412.34426,17641147.4366272
2016,10564744.06966,18088231.7775429
2017,10397373.7285,17809892.3484763
2018,9958533.0944,17454426.4773979
2019,10108714.01342,16708689.6340774
2020,7419525.15128,15619829.1360661
2021,6821466.86078,15225894.4067461
2022,4849822.2839,13282518.2384333
