"year","season","Hire_FLK","Hire_NCFL","Hire_NNC","Hire_VBM","Rec_FLK","Rec_NCFL","Rec_NNC","Rec_VBM","yrseas"
1985,"DJF",4462.08964607,129.474757976367,0,0,468466.295868,0,0,0,1985.125
1985,"JJA",253487.379768,90543.4857565754,29257.06578015,8280.86373708737,4452077.511469,603618.1937564,38738.548156,112944.274221,1985.375
1985,"MAM",380811.3713481,80626.6137751924,29257.06578015,95.2184008156551,1537704.54637,559090.195402,38738.548156,0,1985.625
1985,"SON",41469.99248345,1555.48654677644,0,504.592610908244,1443498.353127,0,0,0,1985.875
1986,"DJF",40545.40970375,336.080011148793,0,0.182732868726535,402090.611512,0,0,0,1986.125
1986,"JJA",501184.6052389,28003.4949600136,433124.76217,61035.804922899,1537010.301951,333859.7240897,2549.585587,73390.2164602,1986.375
1986,"MAM",802470.3114346,23703.1179623887,325999.4835591,226.370671640601,2075606.31068,301792.208382,0,0,1986.625
1986,"SON",151159.60845,11438.3387395204,56400.33303885,395.873983180998,1225359.080503,87680.5671073,0,30554.91797537,1986.875
1987,"DJF",241482.8914611,410.387568830972,1667.67886275,0.143361569386949,1556819.6436321,13539.51642,0,0,1987.125
1987,"JJA",978771.9854825,30735.9814075379,663465.07742,7039.84277675695,2192920.157243,107709.61669131,74122.359757,42063.9216652,1987.375
1987,"MAM",608752.1980312,24992.0208294593,84403.8971664,101.43133959464,2961239.86047,15058.2502421,0,0,1987.625
1987,"SON",24918.89431605,5105.76374165536,101125.27123601,17826.4082578787,409899.928155,38859.186421,5418.0049704,10075.850084,1987.875
1988,"DJF",51123.48709725,347.493066752381,0,0.194656069668591,720299.766435,0,0,0,1988.125
1988,"JJA",523633.61235525,34934.7876769059,780784.3100275,9129.20505134083,3018472.4393275,250212.4581415,190913.37725255,29325.04696859,1988.375
1988,"MAM",27969.67087605,16860.7779787943,229488.4860275,99.120370962355,2253282.1258295,27377.977377,11855.57324015,0,1988.625
1988,"SON",196057.36656425,10184.9965411768,104354.25237,85447.6964414885,778641.0013095,43432.684768,0,4241.1161939,1988.875
1989,"DJF",252492.06914895,472.955225893129,0,0.190221108315564,394531.5339685,139949.96468,0,0,1989.125
1989,"JJA",1898385.354699,178013.123952603,1331147.0877,327414.493035015,7785107.073907,244292.9303067,190285.590754,682113.84938503,1989.375
1989,"MAM",591836.531389,210971.062431287,456627.474376,4332.05776075002,7490678.371687,225383.7398493,146559.750462,6273.4199215,1989.625
1989,"SON",396205.5550979,15563.6805544997,181917.43225595,119730.711357332,1972243.64195,261713.066833,1588.61975377,308558.120712,1989.875
1990,"DJF",367392.0956826,782.412098200684,1084.23824595,0.506270272851964,731825.02391,208611.78881,937.60578185,0,1990.125
1990,"JJA",573516.7621833,147658.254868329,1298743.78719,21327.0823537813,12114519.99596,149480.1526736,101752.8888795,146908.50658083,1990.375
1990,"MAM",167285.4058905,115480.25183054,276237.04979,364.462787332098,5174373.576515,49266.637829,13798.1688988,0,1990.625
1990,"SON",54816.022115275,13850.2088845106,174724.46826241,9387.1979052668,2081267.046073,113586.479528,2988.9026996,362516.4740805,1990.875
1991,"DJF",120005.086124145,648.051597877127,260.24549341,0.699437609776718,822934.040007,0,0,0,1991.125
1991,"JJA",2463709.1070196,111893.350011549,1111537.5177668,97117.3102285444,10437840.66811,259559.194478,74717.26633355,313639.77550797,1991.375
1991,"MAM",1530429.2634646,96797.6773328444,338622.774075,680.402799947629,6015731.45949,186323.8080385,188201.12447755,0,1991.625
1991,"SON",132958.254238,10546.2752959259,256499.96511705,61373.8357301758,5694629.64687,11784.1274285,14471.2552727,151146.9576459,1991.875
1992,"DJF",511312.9438199,6204.02533669943,91.23981705,1.30575555206715,2178846.827568,0,0,0,1992.125
1992,"JJA",808324.125253,112571.651669749,1074641.727375,131115.068392337,3838258.76897,172770.8497485,44990.2365305,86939.8196423,1992.375
1992,"MAM",968873.801176,68416.8133962072,405659.141982,296.757019738917,9266735.051138,46074.0224545,20688.1894225,10263.40414,1992.625
1992,"SON",156669.7294074,7686.78254851448,139384.18643,29737.3084998798,794585.2607445,26550.87985054,23482.4336294,412094.036954,1992.875
1993,"DJF",233324.1706105,860.399171017747,0,0.569504014634886,936745.3668875,0,0,0,1993.125
1993,"JJA",519793.8507828,268944.229386085,1026905.0891,724146.530000541,3404811.681513,435571.3721926,275901.149146,698833.83484815,1993.375
1993,"MAM",669205.5763641,120158.213327014,396118.227185,560.450805550837,3461381.714369,275253.2152825,16772.72643,3495.75278625,1993.625
1993,"SON",37344.84354485,1839.58852881972,132715.377112975,17247.3129927656,2073350.4848275,22903.278127,3725.3237701,169619.012954,1993.875
1994,"DJF",89811.45381835,240.088044565333,111.400682975,1.0755566424254,820407.8070305,37237.803076,0,0,1994.125
1994,"JJA",593454.25446535,207710.680923125,989642.46377571,560828.991181604,3825880.585772,632845.96615557,131128.56108995,511981.1736609,1994.375
1994,"MAM",140622.1022504,211341.137759102,584375.24510271,4745.84357165548,3779173.997883,527905.2802617,110141.01901,2273.6182012,1994.625
1994,"SON",298464.884108353,18348.4239391709,135125.56548625,7976.47554023263,1223022.6217795,328116.2027254,22736.48864545,80212.6220714,1994.875
1995,"DJF",139005.50341875,339.489651303156,4838.70464625,0.405615088338943,830452.9544785,191850.8200715,901.12407745,0,1995.125
1995,"JJA",1039095.291507,389658.530537143,1163134.1383,115195.643453758,7321132.018207,573069.102568,139627.752415,529062.748696,1995.375
1995,"MAM",1461029.037228,272612.742988708,359621.49451,1756.98944924968,6059478.972615,882578.7839304,112879.30286,80239.87015,1995.625
1995,"SON",202795.06095425,4841.13629442992,150128.0374417,28804.6314778947,997193.35034,66134.245013,18935.0181871,0,1995.875
1996,"DJF",77739.56172805,8213.61266597888,551.8139517,41.3229860667506,894446.729609,28353.847321,0,0,1996.125
1996,"JJA",1352282.1027021,177884.9419914,627230.730085,49774.1616041145,4717397.531072,424664.0328875,107656.5126912,408494.5506598,1996.375
1996,"MAM",1439913.756409,101592.886758517,226632.78750504,913.59794195611,4144945.655805,627473.5969485,64202.1176915,0,1996.625
1996,"SON",43364.6178022,21409.0312752901,69149.3746074,91288.4268107698,814358.5227255,69800.2141582,24720.906196,77611.635873,1996.875
1997,"DJF",38747.07302302,3872.52335392561,115.9216214,0.245038959642422,822900.2740015,0,0,0,1997.125
1997,"JJA",1629481.4584485,272087.62956013,1305418.09893522,10366.1212941,13662134.7879535,461797.50900645,435856.3212264,149860.531441,1997.375
1997,"MAM",1514417.91862899,149399.90640045,538424.740762,1425.417199,7460291.6129555,691206.77939145,173323.93024,0,1997.625
1997,"SON",84286.24573715,39876.87718173,283838.62279905,98323.94628316,680319.870902,163498.44432,51077.591401,48011.4314108,1997.875
1998,"DJF",99094.38168145,3176.530979,1790.00016905,0,512604.910179,0,0,0,1998.125
1998,"JJA",671336.2635152,136744.265812235,1286262.4415865,755334.5890195,4808404.9029075,168955.447171,281380.66614415,470816.5653517,1998.375
1998,"MAM",656350.2950641,105719.968213435,372007.3119722,1270.2587075,6697606.3521455,187341.433104,82361.99665795,0,1998.625
1998,"SON",90083.974188875,6394.76921355,262721.576268186,22760.0073178,480805.999906,145838.900778,48561.628737,135952.733105,1998.875
1999,"DJF",138747.878221375,16177.86751515,842.74799845,0,2224750.499936,145983.731628,0,0,1999.125
1999,"JJA",449729.2498515,231545.9075945,1408220.89949945,231258.194481,6375713.817896,720427.0119672,765878.84276,241113.9630746,1999.375
1999,"MAM",506333.5340786,185557.2851264,432012.060853,56598.940958,4880668.673071,661322.724832,110560.4360094,25726.903943,1999.625
1999,"SON",126835.858072075,24273.8519184175,174214.33160028,687.350188,446539.998351,114749.1645762,438366.09495,256782.820762,1999.875
2000,"DJF",83155.900321275,9786.4025321175,304.99594168,80.644268,388395.733376,23423.0881335,0,0,2000.125
2000,"JJA",726519.1968505,220955.915619,2310664.43255,1590.883452,6358021.92149,1292908.88557645,482223.84043,1440372.6028418,2000.375
2000,"MAM",430859.8328302,100410.92606766,531426.5261118,431.88114,4543957.05274,1223197.12037345,308657.0631,0,2000.625
2000,"SON",250268.52470185,36916.9468245565,297339.51494716,983.9473865,1945322.41967,244407.48752,36099.43349,168106.317238,2000.875
2001,"DJF",246074.50424615,14442.8854407565,125.50340716,9.876608,734792.791028,304307.365338,0,0,2001.125
2001,"JJA",1233225.612256,709993.7863702,1246703.017725,18490.68546515,5589527.8009055,1526795.878791,1306376.495575,287941.9164574,2001.375
2001,"MAM",717020.81191,332357.609856691,191223.512554,3416.47083065,4428842.2965155,1626879.369163,440718.426265,59775.0306197,2001.625
2001,"SON",135349.53805565,36697.15139727,200104.9032774,12417.09462677,1006040.29327,140064.9683615,13626.2223446,24906.3256158,2001.875
2002,"DJF",125003.12412915,3452.58183699,676.1107774,10.989931,557625.011104,40233.4508745,0,0,2002.125
2002,"JJA",704266.5655169,1067933.08075535,1545058.90393,86805.81877144,2214085.121685,958974.9573468,571494.80019,606075.9303095,2002.375
2002,"MAM",821498.92067015,887693.73995105,1004863.815418,66142.4421165,2925740.59884,770420.731847,214939.453747,159947.4314415,2002.625
2002,"SON",214494.3754464,35282.556775175,454066.2064137,15396.32420458,1707998.934653,594701.8772653,85496.406094,966332.6743728,2002.875
2003,"DJF",117321.85484232,3840.700457275,1183.9992037,62.224835,1456262.994025,199636.271872,0,0,2003.125
2003,"JJA",603789.3131097,531861.45758411,674399.031675,14439.15691172,4995938.623785,1196274.9222335,609770.245155,122391.0837474,2003.375
2003,"MAM",459229.1016984,404837.02098287,213095.300745,246.937246,3649029.585379,519857.6213495,239310.118283,0,2003.625
2003,"SON",130618.55537518,15385.31617385,35237.9331705,41004.32493686,782734.247079,56402.9202636,19119.890807,782389.4738278,2003.875
2004,"DJF",166555.4143623,4478.34397855,6161.7448815,0,967221.947621,55879.6681305,0,0,2004.125
2004,"JJA",653724.88527765,229784.1828939,893497.2814386,115295.31503711,2849331.859308,699662.7681845,113004.2760335,128301.9651217,2004.375
2004,"MAM",653926.21006755,521351.417325,148990.966608,1585.9207506,2248755.055419,590359.1788295,475980.8962735,0,2004.625
2004,"SON",69916.29262783,16440.82275473,73884.859023,38549.90848158,359908.9980595,30854.2637059,2136.27196365,58236.601403,2004.875
2005,"DJF",86171.53535653,6818.6924717,0,79.652198,523706.5143324,25660.5276725,2136.27196365,0,2005.125
2005,"JJA",382356.90052425,429518.91101145,2585572.42796,28650.57043881,2074779.922636,731003.1028375,590686.851555,275682.1871406,2005.375
2005,"MAM",363480.82080765,292372.36664158,336981.4873453,325.597374,1481261.69372,1137112.7887695,259517.818361,0,2005.625
2005,"SON",42818.86226045,7924.776817515,230277.44385465,9044.385673684,428496.5378755,25478.197472,54155.539834,213554.26385,2005.875
2006,"DJF",62469.35467685,2665.228320695,649.52674465,0,771447.5006575,5351.814935,0,0,2006.125
2006,"JJA",294535.67194305,199646.727026765,1798732.552745,69079.453088294,2360906.252433,848727.32361815,607972.99461,683153.7834845,2006.375
2006,"MAM",294775.00932075,107771.629698755,404133.4366446,2770.928480394,4707928.75331,785311.78619315,106908.48715,111167.1609095,2006.625
2006,"SON",47416.34543235,174475.82335315,427160.454792,64863.6404687,720707.6341085,72686.3269049,28717.38925,420176.095318,2006.875
2007,"DJF",34335.60495542,2214.669272748,26379.66425149,1.455036,1687929.8679335,158254.3387485,5942.542279,0,2007.125
2007,"JJA",329146.16641891,266827.494682055,1993879.41817268,24364.817506149,3048184.896547,1269099.050498,744613.91755,208924.036115,2007.375
2007,"MAM",304761.431481,232507.939096046,498074.71399,2983.203521681,2545278.346088,971785.127461,491176.51816,0,2007.625
2007,"SON",48542.9160542,3984.22698971085,25903.881192285,57545.4966411,1088888.601103,29406.606676,163825.899279,27845.086456,2007.875
2008,"DJF",82137.7010311,3435.10277011225,406.588120285,14.781843,459939.616505,26690.282285,84014.255115,0,2008.125
2008,"JJA",314521.53025196,563053.179497252,1103120.685923,96702.1943488348,3741867.724773,506709.1484953,152061.013842,66597.2980168,2008.375
2008,"MAM",280460.56730035,629622.006181045,407834.525168,891.4606296618,2419131.418834,1070780.381847,71504.17105,22482.0478475,2008.625
2008,"SON",47151.73911685,27971.7629534505,85704.582088,15999.221878046,1130457.913654,29708.826622,0,7739.1154137,2008.875
2009,"DJF",173135.18467615,15535.53778847,24206.071899,0,1060550.801232,24015.200943,0,0,2009.125
2009,"JJA",403219.76107479,243736.963076377,634407.33177,81529.3670470386,2307626.664698,1689310.91431675,1264627.51024,1573958.1685471,2009.375
2009,"MAM",392618.49777265,204896.680893345,195210.6095809,14133.8205035766,2391186.302147,2046079.48850705,1087705.72285,3543.8904571,2009.625
2009,"SON",53270.0288009,5340.979555674,96114.53641815,10599.727607,973978.720361,35949.5298129,6844.5838839,30416.945283,2009.875
2010,"DJF",36159.585359,3657.414029104,2687.38133615,0,914196.22597,24546.07331,22325.894713,0,2010.125
2010,"JJA",268780.94918123,285663.795009165,787052.251825,98190.1839577455,1487555.3826935,879638.4685068,653463.1756,511433.969389,2010.375
2010,"MAM",219366.65063613,224478.983709875,489807.5099663,1138.7115611455,1119817.5251252,2247154.5222004,404357.90877,5630.437949,2010.625
2010,"SON",33211.94235677,21917.9448984001,107080.515433955,20721.5148965325,583585.6510205,12406.576566,30332.75136,200346.450696,2010.875
2011,"DJF",22451.8724419,1988.053334012,494.650425855,0,158545.1318325,34555.637735,0,0,2011.125
2011,"JJA",351610.3155254,179812.344981773,1081341.26904294,15128.9647093328,2840895.191238,917826.58094,1069910.85102,2626410.052235,2011.375
2011,"MAM",284314.282535,82248.536027065,412117.7608115,1250.1534505055,1874901.968145,541245.590724,469889.15094,0,2011.625
2011,"SON",83166.5480389,11390.0759794324,82709.65597935,1465.610805824,1027396.494889,157468.63925,523515.639595,0,2011.875
2012,"DJF",80490.7980542,2961.1052124756,1942.78626855,0,583236.32173,0,2302.0635369,0,2012.125
2012,"JJA",341958.3777552,276676.108909465,652999.382295,15359.5124532547,1913413.34181,874624.064861,490794.28278,1041694.281717,2012.375
2012,"MAM",349972.4152535,270166.690153597,487251.719121,2296.60893398965,2147562.24404,1894417.85635,390222.190658,0,2012.625
2012,"SON",97029.86698268,66067.0781205441,94178.2139237,4231.196373728,1229421.78382465,98557.1643577,176165.500059,0,2012.875
2013,"DJF",70752.56293198,1779.38402772105,1180.40012837,0,390521.92358565,21440.509465,23123.025689,0,2013.125
2013,"JJA",334605.1623757,219435.778712346,382917.761675,10367.3531007112,5642922.797515,1133952.15115209,409412.0786225,137491.1306563,2013.375
2013,"MAM",151239.695893,157523.56650405,84694.8240044,871.402361769294,3496798.03301,873979.146019595,123390.5100925,0,2013.625
2013,"SON",59905.9349671,15666.2020924412,171922.7428052,4825.5146273235,622306.011487,34884.79355496,7874.3721436,227001.1555439,2013.875
2014,"DJF",38646.7187483,4518.2153066346,639.8102072,0.493050407969153,626084.3142042,0,0,0,2014.125
2014,"JJA",478345.08543304,109263.31480322,486581.5942907,45158.0752247636,3609215.69033055,635500.597797,1110407.04407,1746050.932283,2014.375
2014,"MAM",306355.51923414,80586.647165571,342121.2981634,3636.35209539782,4087637.83493555,527925.492789,158861.836275,145319.598015,2014.625
2014,"SON",79515.32876415,15029.8025864733,87613.43963096,7943.51982237905,1674867.362149,106376.4793096,20435.535155,148959.019381,2014.875
2015,"DJF",112696.21839721,4176.97372849915,379.62632005,22.8106082147779,251340.8530908,2674.7032479,0,0,2015.125
2015,"JJA",672219.1800744,79247.5763003305,887362.4667867,154428.228578163,6725790.192795,806117.9302575,2063566.09553,2279425.0737435,2015.375
2015,"MAM",733489.8479918,76487.1760796395,323703.8620899,7493.78254008763,3086404.455285,541710.6119145,1061391.16588,268250.8302115,2015.625
2015,"SON",169406.1013045,36125.8665184589,153765.5967123,115932.584150086,1961056.6891065,200599.935287,380237.48129,2098120.3451814,2015.875
2016,"DJF",134436.5028555,3698.49697924095,10076.9812658,13.3904424512092,491945.9999855,35519.39536,0,0,2016.125
2016,"JJA",241787.28200716,155027.330025717,654843.6921622,165976.240173398,2370240.379099,1880963.7924757,1047769.073592,1667757.9931556,2016.375
2016,"MAM",503340.71029306,287223.328512401,308663.788258,15055.5332136001,1718749.7260808,2411574.0650663,600500.287399,273068.6371472,2016.625
2016,"SON",17433.53511544,8996.6489934785,271979.7140424,14806.080584792,621555.856116,36741.864612,56392.308264,245300.041739,2016.875
2017,"DJF",11702.29464774,2040.1011056615,1078.5617124,0,151986.3980101,21285.416755,0,0,2017.125
2017,"JJA",611798.0105516,74020.2030715322,448934.32773667,3833.937176546,3691597.32539,1121239.27016405,467963.5986709,1287458.7668381,2017.375
2017,"MAM",566077.425727,76920.5680514469,299365.660504,2005.245921219,981884.071306,1145772.70649335,325175.5219054,25379.053612,2017.625
2017,"SON",35883.38195405,9207.618831303,83798.750469349,25339.37020053,607068.6887215,14797.2060401,8185.0306464,513985.028517,2017.875
2018,"DJF",23290.70286317,723.920440832,2982.11690385,6.5079792,253386.3464435,47989.8426561,0,0,2018.125
2018,"JJA",165307.1853358,54684.639800548,749638.8235719,33417.8753722855,3234459.081095,1292812.453642,679171.929,894589.229996285,2018.375
2018,"MAM",136117.3859468,41472.4542564571,393881.127554,2440.5930992955,2474351.674035,1214296.429625,356493.64774,5947.017415285,2018.625
2018,"SON",80561.490896295,6945.760667896,321331.51947789,36349.449925738,1831258.9655214,53139.94132375,312058.62583,1970588.1629495,2018.875
2019,"DJF",28326.716965595,2719.130886617,236.11423789,3.8668684,496265.4094885,18051.94316675,0,0,2019.125
2019,"JJA",426970.113099,124029.876669309,517428.78348399,63137.2566389934,2593726.3495245,859657.718327,1086972.2989568,863689.4149923,2019.375
2019,"MAM",374549.29120895,120361.593410231,328708.80906255,18858.8105467785,1113341.0069215,1202456.102685,392151.52536,105905.2653063,2019.625
2019,"SON",416019.77626965,5238.8119294605,149380.96920401,11641.98741351,90869.6068195,47887.60452905,208116.03905,470826.2595199,2019.875
2020,"DJF",24205.22328205,418.8082294115,2583.88443785,80.644268,58125.5081315,4941.57525205,0,0,2020.125
2020,"JJA",509618.8019027,105832.507623639,385980.1737731,15162.5485481909,1336144.38198,870871.39791335,644282.620955,469925.29528195,2020.375
2020,"MAM",78686.68304368,84645.4706284625,190423.5442731,6019.785981215,1105211.98579,1093047.25274605,435569.013485,7429.02132195,2020.625
2020,"SON",309680.1564816,34388.6467599995,90850.656232115,30429.71242343,340721.690943,74738.8546174,9393.5365201,211745.1539246,2020.875
2021,"DJF",27951.2198735,763.4698176839,247.415766115,9.104998,315763.4518972,13564.4603427,0,0,2021.125
2021,"JJA",501187.28233505,53970.8363174033,437757.80776,49589.8776369816,1821803.149092,481408.400944,335459.072382,650224.71157335,2021.375
2021,"MAM",201681.17561485,71606.2353908121,190320.6004565,538.810735483,759694.8976378,607170.208755,261213.407585,12805.29282235,2021.625
2021,"SON",513213.5187507,18394.6388838837,243324.78775565,50865.2406872489,784898.3085745,296364.64316,0,419248.93861895,2021.875
2022,"DJF",26390.86069203,3239.2310786157,357.74901565,4.05016514285,163317.6307565,43565.052599,0,989.86783705,2022.125
2022,"JJA",300990.3304031,42729.9780659027,187786.1726169,11726.056434447,1574723.103689,1398654.098227,109570.199591,622114.2566497,2022.375
2022,"MAM",245996.4541496,41579.4560112585,149948.3973986,1064.1739985,1470855.335812,1267020.19981,35062.027448,25310.3202247,2022.625
2022,"SON",58800.12493405,5359.987628518,88833.33739955,5723.90290346,665770.934404,35945.5381,66762.310087,558853.7475391,2022.875
2023,"DJF",14997.04976895,309.228892628,1385.4365201,0,113825.836072,27164.605696,0,0,2023.125
2023,"JJA",119894.169938915,36140.3071705795,691757.75695,31656.8049124846,1143756.677318,1207813.5647055,149784.0246395,434145.58686165,2023.375
2023,"MAM",92004.333567615,71735.9799823335,485565.062732,1931.82767145695,693061.307718,1299210.7836475,25405.1992495,3106.47001,2023.625
2023,"SON",52716.20753586,10292.3767673914,103931.73344,39139.38749611,1022942.8370115,105256.13387,0,435238.8291403,2023.875
2024,"DJF",3809.44552849,429.75637324165,0,0,174167.4790005,0,0,0,2024.125
2024,"JJA",341576.4171427,23059.4202029344,208149.932914,8709.8816778692,1667158.3797781,693821.9019917,83492.1079055,945755.95485305,2024.375
2024,"MAM",223481.347063,43347.6728302774,138555.6497143,2099.0446526645,928103.4242431,598624.3604155,22815.1702485,738.20523885,2024.625
2024,"SON",47842.25999315,18397.7153309115,159743.026651065,7943.312307741,695133.1995365,33036.4002175,0,400112.6817813,2024.875
2025,"DJF",15636.10806825,584.1040915435,109.458501065,0,31386.9811895,33036.4002175,0,0,2025.125
2025,"JJA",NA,NA,NA,NA,NA,NA,NA,NA,2025.375
2025,"MAM",NA,NA,NA,NA,NA,NA,NA,NA,2025.625
2025,"SON",NA,NA,NA,NA,NA,NA,NA,NA,2025.875
