"","GULF","FLK","NCFL","NNC","VBM"
"1981",630889.425702868,3032172.07334706,148144.692860908,256755.241235357,1400.2472808
"1982",2155242.93802502,1781726.2337411,793523.051522812,61996.3359941785,6784.99354468884
"1983",1374817.33325698,4222772.56580901,109613.116520385,113990.473148538,8219.93679395545
"1984",1253291.0359227,1894906.26644104,389842.952403002,NA,4203.047854
"1985",1713312.93680514,3924567.03407894,720462.218212242,93692.6422254227,58973.7389794352
"1986",4108298.96238574,2362291.42346252,482075.88889963,818401.357269686,125416.364997902
"1987",3521873.35650853,2347192.68983163,159915.181639807,903561.467025772,55226.5649307855
"1988",1066182.2263026,1976155.36460603,170829.680989091,1115708.46259884,110581.95995983
"1989",6765610.33761428,5671679.73554967,831350.857300609,2116227.46133429,1049343.36495565
"1990",7936620.21738267,3717925.89562622,423122.962543754,1819973.55661308,343096.962199009
"1991",10171067.3828577,7497086.46097997,444928.963226956,1810539.22143165,410516.344114476
"1992",5716605.62374496,2984235.97556834,324816.195114997,1661741.41626999,411260.741549108
"1993",4209519.50253246,2052779.04619125,766663.821909296,1683138.3247832,1066619.6982605
"1994",3317801.74076194,2968018.68751056,1206308.24108423,1783152.61523322,875115.554039049
"1995",6703152.93308898,4272854.13414758,1303990.31016384,1772300.97366089,360532.47606123
"1996",4777452.78999218,2985391.30322098,761811.444687544,997905.84190977,333288.310524267
"1997",12395654.7937389,3331927.99215984,986621.185145536,2340278.33026334,187389.448357466
"1998",4856952.95432661,1567926.17777781,465402.087853006,2085505.40590831,749950.166159397
"1999",3294649.30650402,3309998.91051772,1007133.03354227,2483153.02286011,409474.538722819
"2000",3313595.47772683,5263451.18632033,1633931.32891707,3481574.0966297,1212670.19755612
"2001",4526463.78514912,4645535.14999934,2559780.45803885,2287553.11011557,180047.453989473
"2002",2598079.03260659,3211906.77057904,2702037.63487693,2802155.96402799,848770.45698799
"2003",3087696.67347711,3924411.75251389,1617778.78442539,1215610.1359084,588298.024935541
"2004",2188550.17208504,3311089.47379499,1530680.17821735,1419660.19356505,247957.393066303
"2005",1797242.82206724,1629221.95957171,1588216.40938608,3620869.50001924,276797.743986595
"2006",1770419.85466189,3161960.53210289,1391013.16683351,3080220.51644487,770587.610511078
"2007",3860837.46492206,3090163.81836052,1898530.74737793,3333403.63740649,203950.898343562
"2008",3089765.54056046,2961230.97840238,2009507.57184306,1758624.35847754,153350.792250283
"2009",2679597.98655921,3336872.13468348,2584220.33578095,2179693.64772033,904262.384316341
"2010",1126471.00318386,1954885.11808316,2305982.69676896,2136503.07155524,492680.308793027
"2011",2204064.34468252,2765008.63547301,1220850.35962133,2689160.95273895,2019541.60275525
"2012",2126724.74894732,2367007.55039577,2074576.93302644,1889638.16832543,546361.562029971
"2013",5040778.87115175,3124536.18287702,1757891.13650689,996267.312421851,228858.756484771
"2014",2460036.69208795,5189071.56875868,1043110.62307847,1672452.03205415,1379046.26516492
"2015",4536366.02370014,5835191.54165237,1246893.32431513,3875839.28826687,3451448.87489929
"2016",1633932.98478346,3378448.16609239,3321331.79809535,2483535.77543108,1928373.22156325
"2017",1848150.98258857,3803011.10176556,1525572.90352423,1501136.96114406,1137647.49958716
"2018",1588778.39784661,4898675.04659025,2139013.76980974,2576430.62401155,2625363.43663743
"2019",3338224.28859401,2075125.52176488,1752470.62572059,2320474.0340333,1351121.31561628
"2020",1783777.48255894,1686246.78524453,1760698.00052154,1526235.73854171,598143.972493721
"2021",2788657.04783619,2438501.74433767,1261159.80639423,1403979.89309268,989862.106881738
"2022",1402412.23065447,2503256.66668285,2198407.50374277,608084.754499206,1066579.99918626
"2023",1279647.91421795,1707834.22574743,2160337.28742437,1436365.862823,803707.272580713
"2024",1263855.33399194,2456836.74149373,1032494.77375742,610389.781053661,1254111.27598584
